lagoslakeid,LakeID
4830,L0288
8514,L0316
5397,L0406
7033,L0426
4433,L0691
7340,L0702
6301,L0789
136303,L0799
56019,L0802
6214,L0815
26841,L0829
113873,L0839
67429,L0840
111865,L0852
6070,L0857
7447,L0861
123328,L0865
133407,L0868
63080,L0879
130135,L0885
6075,L0888
39362,L0901
135452,L0907
133439,L0911
121089,L0912
43622,L0916
30935,L0919
6208,L0926
101415,L0927
25646,L0928
84945,L0929
122138,L0938
112900,L0945
42413,L0953
52808,L0955
25625,L0965
4032,L0966
6076,L0973
7117,L0974
47538,L0976
49620,L0977
88095,L0978
136466,L0979
6557,L0980
140541,L0983
136468,L0984
10987,L0985
26660,L0987
131352,L0994
80721,L0999
1490,L1002
6505,L1003
6395,L1004
7401,L1006
7453,L1008
505,L1010
90332,L1013
6487,L1014
78634,L1015
6471,L1018
7448,L1022
6068,L1026
6196,L1027
601,L1031
5726,L1035
604,L1038
2458,L1039
6069,L1040
6198,L1042
119108,L1044
7457,L1045
55007,L1049
70422,L1055
1284,L1057
36107,L1060
2797,L1069
135329,L1079
82971,L1080
1862,L1082
6192,L1086
81957,L1087
2998,L1088
6458,L1089
6220,L1090
3348,L1093
1981,L1099
3144,L1100
6211,L1104
5725,L1105
6210,L1105
6209,L1106
595,L1107
6218,L1108
115760,L1112
6057,L1114
1613,L1115
133500,L1118
3587,L1120
5722,L1122
6193,L1123
6194,L1125
6226,L1127
41495,L1129
6179,L1134
6180,L1134
6073,L1135
6228,L1136
6212,L1140
39357,L1141
6200,L1142
6186,L1149
7158,L1150
3953,L1151
3437,L1152
120170,L1155
11123,L1156
94414,L1158
36121,L1160
2112,L1161
34040,L1165
6216,L1167
90311,L1167
5727,L1169
28809,L1169
36111,L1169
11129,L1171
115995,L1172
3997,L1173
6059,L1174
6191,L1175
459,L1176
38285,L1180
4082,L1183
1119,L1185
3650,L1185
1609,L1188
2382,L1188
563,L1189
3645,L1189
1899,L1190
66367,L1191
6060,L1193
951,L1194
1409,L1194
2915,L1194
19397,L1197
2967,L1198
137300,L1199
2252,L1204
2450,L1205
993,L1209
6298,L1210
1821,L1211
99307,L1212
1924,L1214
3330,L1214
2141,L1215
1715,L1216
3793,L1218
103618,L1220
6984,L1223
136311,L1225
4103,L1228
3910,L1229
4187,L1229
1014,L1232
3764,L1233
2993,L1235
4112,L1236
43607,L1237
124407,L1237
28836,L1238
1245,L1239
2368,L1241
893,L1243
502,L1249
1017,L1250
626,L1253
3554,L1253
846,L1258
2383,L1260
4078,L1261
2056,L1263
122324,L1264
4058,L1266
1281,L1267
102576,L1268
78556,L1272
4172,L1273
1130,L1275
483,L1276
3423,L1277
3972,L1279
3471,L1280
1304,L1281
1419,L1282
1637,L1285
6188,L1287
6187,L1288
73287,L1289
86128,L1292
3770,L1293
2819,L1295
3066,L1296
150,L1297
2784,L1299
2681,L1302
4027,L1304
1519,L1308
431,L1310
9523,L1311
3271,L1312
29890,L1313
2202,L1314
786,L1317
6181,L1318
6310,L1319
1728,L1320
2930,L1321
2050,L1322
4114,L1323
2007,L1328
45620,L1329
5733,L1330
472,L1332
6182,L1336
739,L1337
7030,L1338
451,L1339
1170,L1340
3951,L1341
46662,L1342
121236,L1344
4034,L1350
6206,L1352
3790,L1353
2301,L1355
4311,L1357
23710,L1359
6183,L1361
3595,L1362
3833,L1366
6071,L1368
910,L1370
1238,L1371
1008,L1373
6072,L1374
2348,L1376
2350,L1379
6058,L1380
2543,L1381
2907,L1382
3004,L1384
2821,L1385
2742,L1388
1877,L1390
129083,L1391
498,L1393
3984,L1394
713,L1395
2271,L1396
127213,L1397
2393,L1398
125428,L1400
134511,L1403
2972,L1404
3025,L1405
3218,L1406
904,L1408
115959,L1411
6064,L1414
2375,L1415
1085,L1416
2700,L1418
2807,L1420
2486,L1421
2587,L1423
1418,L1424
1749,L1425
3096,L1426
15979,L1429
3969,L1430
7009,L1431
55958,L1434
86937,L1436
79827,L1438
455,L1439
4145,L1440
2314,L1442
3261,L1443
1324,L1444
47453,L1446
2384,L1447
6063,L1448
599,L1449
3879,L1451
518,L1452
3230,L1453
51869,L1454
936,L1457
1733,L1458
24696,L1460
3033,L1462
6197,L1466
6446,L1468
1298,L1469
1779,L1471
792,L1472
1967,L1473
7152,L1474
6061,L1475
2436,L1476
40387,L1477
6190,L1478
2222,L1479
2174,L1480
58,L1482
82731,L1483
1926,L1484
57,L1485
2354,L1486
722,L1487
439,L1488
1825,L1490
3849,L1491
2803,L1492
1987,L1493
7249,L1494
2963,L1495
1420,L1496
5498,L1498
638,L1499
3814,L1500
1098,L1501
4226,L1502
123314,L1503
2097,L1504
107694,L1505
116978,L1506
3920,L1507
6648,L1508
7367,L1510
3195,L1511
2352,L1512
1296,L1513
64238,L1514
2246,L1515
1224,L1516
2881,L1517
984,L1520
1339,L1522
2194,L1523
30918,L1524
737,L1526
2218,L1529
3662,L1530
99504,L1531
2366,L1532
991,L1534
4159,L1539
6495,L1540
4071,L1541
6464,L1543
2933,L1544
43580,L1545
2399,L1546
3789,L1551
136346,L1553
1002,L1555
6202,L1556
19188,L1557
712,L1558
913,L1559
64236,L1560
93208,L1563
3262,L1564
6476,L1567
1063,L1568
3700,L1569
66340,L1570
100479,L1571
1709,L1572
6923,L1573
4807,L1577
6635,L1578
3603,L1579
4018,L1582
2211,L1585
855,L1589
829,L1590
7086,L1592
1007,L1595
3644,L1597
6065,L1598
5723,L1599
496,L1601
86932,L1605
24707,L1606
3913,L1607
7121,L1608
11095,L1613
55761,L1614
2226,L1615
1921,L1616
809,L1617
647,L1618
38243,L1620
522,L1622
45592,L1623
1175,L1625
6066,L1626
3647,L1629
2306,L1631
25760,L1632
6878,L1633
494,L1637
125242,L1638
18261,L1641
60086,L1647
3136,L1651
59092,L1652
31993,L1653
94401,L1654
52,L1655
74509,L1657
56,L1659
96236,L1662
6516,L1664
6515,L1667
5060,L1669
99492,L1671
6555,L1672
6563,L1675
66336,L1677
5724,L1681
57855,L1683
2887,L1687
3111,L1689
40167,L1692
3452,L1694
23670,L1696
1535,L1698
1391,L1699
6623,L1702
1412,L1711
2989,L1715
3874,L1718
3151,L1719
2396,L1721
2943,L1723
2899,L1726
2167,L1734
2312,L1735
2278,L1741
661,L1745
4068,L1746
656,L1748
3455,L1749
2034,L1750
2178,L1752
5500,L1755
2982,L1758
898,L1759
3029,L1760
3020,L1761
1386,L1762
4571,L1764
86523,L1765
1781,L1772
3895,L1773
1461,L1777
1473,L1778
2039,L1781
4184,L1783
2745,L1784
2607,L1785
450,L1786
1869,L1789
4109,L1790
2389,L1791
2481,L1792
5274,L1793
4012,L1795
1024,L1796
5375,L1797
3723,L1798
652,L1800
4942,L1801
5246,L1802
1919,L1804
7409,L1806
3713,L1807
779,L1808
54,L1810
7289,L1812
1407,L1816
2243,L1820
3937,L1821
1302,L1823
607,L1824
2693,L1825
1659,L1827
500,L1828
499,L1830
3691,L1831
1945,L1832
6865,L1834
3048,L1835
7116,L1836
2149,L1839
994,L1840
4218,L1841
3742,L1842
3448,L1844
3457,L1845
2764,L1848
3056,L1851
3282,L1852
2253,L1853
2522,L1855
4437,L1856
3915,L1857
1133,L1858
2316,L1859
4774,L1860
927,L1861
3694,L1863
6418,L1864
7176,L1864
2986,L1865
1648,L1867
3481,L1868
3098,L1869
899,L1871
2886,L1872
1638,L1875
4140,L1876
4374,L1877
3925,L1878
4436,L1879
2285,L1881
1856,L1882
746,L1883
657,L1884
7303,L1885
3410,L1886
665,L1887
1955,L1888
939,L1889
5396,L1890
875,L1891
2776,L1893
4007,L1896
1264,L1897
862,L1898
2183,L1899
1246,L1900
4138,L1902
5499,L1903
3795,L1904
1367,L1905
1757,L1906
3245,L1912
516,L1914
1248,L1915
2633,L1918
2081,L1920
3235,L1921
6776,L1922
675,L1923
1036,L1924
2309,L1925
1149,L1926
585,L1927
2758,L1928
6639,L1929
3085,L1930
799,L1931
1829,L1932
2281,L1933
3180,L1934
7038,L1937
1111,L1940
3124,L1941
3971,L1942
1944,L1943
3855,L1945
3952,L1946
6780,L1948
1632,L1949
1195,L1950
1766,L1951
4890,L1953
2414,L1954
2799,L1955
7293,L1957
3988,L1959
3378,L1961
3896,L1962
2864,L1963
1642,L1966
1124,L1969
2997,L1970
3139,L1971
3249,L1972
2631,L1973
7375,L1974
2177,L1975
6734,L1977
1498,L1978
1784,L1979
1356,L1980
2579,L1981
663,L1982
3932,L1983
3306,L1985
3172,L1987
985,L1988
3460,L1989
2547,L1991
2706,L1992
53,L1993
2049,L1994
7216,L1995
4808,L1996
2333,L1997
6570,L1998
4079,L2000
2407,L2001
6400,L2002
6554,L2004
5336,L2006
1523,L2008
7123,L2011
5550,L2013
6947,L2014
3319,L2015
2159,L2017
6526,L2018
14385,L2019
1541,L2021
1711,L2022
3825,L2023
7374,L2024
1311,L2025
2279,L2027
2207,L2029
6933,L2030
1184,L2032
2749,L2034
2216,L2035
2296,L2036
3695,L2037
2277,L2038
716,L2039
1654,L2040
2950,L2041
4867,L2042
7319,L2043
7167,L2044
3203,L2045
1233,L2046
4057,L2046
1125,L2047
2647,L2048
1261,L2050
2721,L2053
7370,L2055
7384,L2056
1201,L2058
2782,L2060
903,L2062
7179,L2063
4003,L2064
1578,L2065
1320,L2066
1182,L2067
4183,L2068
3102,L2069
1145,L2070
2937,L2071
6507,L2073
2106,L2074
3365,L2075
6496,L2076
2663,L2078
4351,L2079
603,L2080
4542,L2082
7346,L2084
1005,L2087
1319,L2087
3351,L2088
5496,L2089
1191,L2090
6545,L2091
7379,L2091
4863,L2092
7399,L2093
3845,L2094
1791,L2095
1913,L2097
3131,L2098
3853,L2101
6856,L2102
860,L2103
4074,L2103
7035,L2104
1348,L2105
6779,L2106
3182,L2107
55,L2108
2931,L2110
6625,L2112
6975,L2112
3022,L2113
7376,L2116
3708,L2117
3906,L2118
3649,L2119
4146,L2120
1177,L2122
1700,L2123
819,L2124
2611,L2125
3263,L2126
4060,L2127
1483,L2128
728,L2129
3221,L2130
6945,L2131
4222,L2132
3464,L2133
4037,L2134
68485,L2135
6510,L2137
1961,L2138
3157,L2139
1704,L2140
3828,L2142
633,L2143
6764,L2146
1216,L2147
2808,L2147
1369,L2149
521,L2150
873,L2150
654,L2151
7172,L2152
1303,L2153
3847,L2153
1210,L2154
1450,L2155
7350,L2157
2634,L2158
4043,L2158
582,L2159
7331,L2160
721,L2161
2845,L2163
7270,L2164
2820,L2166
1643,L2167
2031,L2168
7272,L2170
6938,L2172
4100,L2173
7378,L2174
7790,L2177
7788,L2178
4933,L2181
4180,L2183
8278,L2184
6855,L2185
8365,L2186
7201,L2187
774,L2188
1437,L2189
7785,L2190
6485,L2192
7288,L2193
3329,L2194
7120,L2196
72641,L2197
6491,L2198
7595,L2199
6674,L2201
6867,L2202
7286,L2203
24842,L2204
6724,L2205
3733,L2207
6722,L2208
6792,L2209
4606,L2210
4967,L2211
760,L2212
3838,L2214
6512,L2215
1712,L2216
6484,L2217
6927,L2218
6902,L2220
871,L2224
8309,L2226
8258,L2227
8290,L2229
6942,L2231
7435,L2233
7966,L2234
1904,L2236
6675,L2239
7540,L2243
7648,L2244
4186,L2245
3146,L2247
7963,L2248
7812,L2249
7959,L2250
7970,L2251
4396,L2253
6809,L2254
4028,L2255
3403,L2256
2724,L2258
4179,L2259
2779,L2260
3979,L2260
1173,L2261
7122,L2262
3112,L2264
3749,L2266
6849,L2267
5575,L2268
1850,L2269
7180,L2270
7362,L2271
3752,L2272
66,L2273
529,L2273
593,L2273
3803,L2275
879,L2276
1773,L2276
7415,L2277
611,L2278
679,L2279
8086,L2280
2023,L2281
3620,L2282
3232,L2283
1674,L2284
681,L2285
7814,L2286
139273,L2287
520,L2288
6915,L2289
3911,L2290
4220,L2291
6535,L2292
944,L2294
1051,L2295
2856,L2296
4473,L2297
7695,L2298
3248,L2300
890,L2301
6755,L2302
7324,L2303
6583,L2304
1837,L2305
850,L2306
576,L2308
6916,L2309
6421,L2310
8312,L2312
1999,L2314
1192,L2315
2531,L2315
3841,L2316
6504,L2317
1301,L2318
3887,L2319
7407,L2320
2740,L2321
6641,L2322
4137,L2323
5167,L2324
6786,L2325
619,L2326
1351,L2327
6531,L2328
3559,L2329
639,L2330
645,L2331
1735,L2332
2133,L2336
1633,L2337
6795,L2338
4899,L2339
69496,L2356
7440,L2358
4106,L2360
2200,L2362
6906,L2363
7134,L2365
5186,L2368
2509,L2370
7083,L2372
8077,L2373
6885,L2374
986,L2377
6450,L2377
6781,L2379
8281,L2380
2800,L2382
3207,L2383
16,L2384
3470,L2385
7832,L2388
2127,L2389
5160,L2391
3627,L2392
6733,L2393
4120,L2394
1966,L2395
2438,L2397
7245,L2399
8354,L2400
7170,L2401
2849,L2403
1376,L2404
6551,L2405
1086,L2407
5068,L2408
7967,L2409
1600,L2411
1273,L2412
7162,L2413
2501,L2414
2928,L2414
3994,L2416
17,L2417
2833,L2418
32,L2419
4797,L2420
2859,L2422
2324,L2425
2642,L2427
22,L2428
2212,L2429
3199,L2430
6908,L2431
1658,L2432
1566,L2433
5584,L2434
6396,L2436
7078,L2437
3511,L2438
73621,L2440
6914,L2442
3009,L2443
5585,L2445
1536,L2447
655,L2448
3070,L2451
7813,L2452
5168,L2453
1380,L2454
13,L2455
70547,L2457
6578,L2458
7082,L2460
4816,L2461
2011,L2462
7174,L2464
7177,L2467
6825,L2468
3395,L2470
7140,L2473
6771,L2474
87513,L2475
7380,L2476
954,L2478
6738,L2480
3602,L2482
7185,L2483
57102,L2484
7163,L2485
7221,L2486
2494,L2488
7393,L2489
8307,L2490
3081,L2492
2569,L2493
124722,L2495
3294,L2496
3104,L2497
6775,L2498
2601,L2499
6698,L2500
6651,L2501
6582,L2502
7159,L2504
1433,L2505
3897,L2506
2957,L2507
895,L2509
6728,L2510
3553,L2511
4798,L2512
3340,L2513
7323,L2514
8276,L2515
8292,L2515
6489,L2516
6741,L2517
6742,L2518
57122,L2519
5233,L2520
1598,L2521
6500,L2522
2126,L2523
1579,L2525
7329,L2526
1225,L2527
7971,L2528
1499,L2529
7542,L2530
7544,L2531
7593,L2531
7597,L2532
2130,L2533
6403,L2534
6610,L2535
6597,L2536
3054,L2538
8306,L2539
622,L2540
6590,L2541
7284,L2542
3369,L2543
7547,L2544
3152,L2545
3940,L2546
11536,L2547
6767,L2548
24,L2549
6533,L2550
492,L2551
1808,L2552
3133,L2553
7414,L2554
6428,L2555
3128,L2556
8273,L2557
6596,L2558
2866,L2560
6441,L2561
8083,L2563
72565,L2566
2153,L2569
1025,L2570
6644,L2571
116099,L2572
3582,L2573
6761,L2574
6616,L2575
4771,L2576
2975,L2582
7088,L2584
2323,L2585
138,L2586
7806,L2587
6684,L2588
6628,L2589
852,L2592
6417,L2593
7138,L2594
7807,L2596
6393,L2597
1998,L2599
18,L2601
851,L2602
7332,L2605
52000,L2609
7053,L2610
115040,L2611
6808,L2612
7434,L2613
2120,L2614
8386,L2615
1509,L2618
6513,L2621
6624,L2622
6679,L2625
34,L2627
5290,L2628
6798,L2629
7412,L2630
6729,L2632
7141,L2633
10,L2635
3147,L2636
20,L2638
6614,L2639
3201,L2641
58170,L2642
3585,L2644
5241,L2646
4017,L2648
3127,L2649
4322,L2650
658,L2651
3655,L2652
3763,L2653
2205,L2654
2294,L2655
1815,L2656
3740,L2657
1056,L2658
36541,L2659
13469,L2660
6542,L2662
1410,L2663
826,L2664
4481,L2665
3868,L2666
93745,L2668
2335,L2671
74894,L2672
3376,L2673
43937,L2674
3058,L2675
3538,L2676
470,L2677
3519,L2678
2116,L2680
28169,L2681
138077,L2682
1310,L2683
2289,L2684
46,L2685
2515,L2686
9453,L2687
140108,L2689
1811,L2691
5118,L2693
4033,L2694
2103,L2695
7149,L2698
3977,L2699
2098,L2700
481,L2701
4828,L2703
4985,L2705
1416,L2708
998,L2712
6,L2714
1126,L2718
2162,L2719
2757,L2719
1213,L2720
1038,L2722
2489,L2724
707,L2725
1985,L2726
3023,L2727
2487,L2728
11,L2729
2217,L2730
3772,L2731
76048,L2732
22724,L2734
1849,L2736
89386,L2737
50,L2739
64356,L2740
136221,L2740
747,L2741
3287,L2742
34377,L2743
98583,L2744
92431,L2746
696,L2747
2,L2748
1366,L2752
2189,L2754
3872,L2757
3458,L2758
1630,L2759
42,L2761
80188,L2762
1657,L2766
2090,L2767
2038,L2770
121378,L2772
7024,L2773
4213,L2775
509,L2778
6419,L2779
2650,L2780
4129,L2785
2571,L2786
18632,L2787
821,L2789
4701,L2791
4448,L2795
48,L2796
4884,L2797
1464,L2799
6538,L2800
613,L2803
6843,L2804
6536,L2807
4566,L2809
4935,L2811
12,L2813
2974,L2814
45,L2816
659,L2819
28,L2822
2862,L2825
1241,L2826
36,L2829
2677,L2830
1039,L2831
3755,L2832
6424,L2834
1388,L2836
81278,L2837
6532,L2838
3087,L2839
690,L2841
3398,L2842
35483,L2843
2748,L2844
2288,L2846
3891,L2849
3153,L2852
3832,L2854
4389,L2855
6503,L2856
4510,L2858
671,L2859
2055,L2860
1665,L2862
19766,L2863
683,L2866
1178,L2868
1652,L2869
3047,L2871
2339,L2872
1789,L2873
5032,L2874
1415,L2877
922,L2878
2412,L2882
2233,L2883
6523,L2885
785,L2887
6952,L2889
608,L2890
4420,L2891
1894,L2893
40478,L2894
1305,L2895
836,L2896
4607,L2897
847,L2898
1689,L2899
6806,L2900
82315,L2901
26162,L2902
53374,L2902
4,L2904
445,L2904
38349,L2908
1732,L2909
110137,L2912
3361,L2915
6948,L2916
34380,L2918
2827,L2919
2940,L2921
4572,L2922
4594,L2927
122639,L2928
1312,L2929
3372,L2930
2678,L2932
597,L2934
4418,L2938
4259,L2940
4670,L2941
2525,L2943
2567,L2944
6338,L2946
87591,L2948
3354,L2955
3,L2956
4709,L2960
3183,L2962
49,L2964
5035,L2966
2760,L2968
4185,L2969
4131,L2970
2617,L2971
2603,L2972
406,L2973
2888,L2974
3396,L2975
4225,L2976
832,L2977
5181,L2980
4394,L2982
631,L2984
3227,L2985
1169,L2987
3281,L2988
909,L2989
4285,L2990
577,L2991
6546,L2992
1962,L2994
11496,L2995
109173,L2997
3187,L2999
5072,L3000
25111,L3001
6397,L3002
1782,L3004
5,L3005
1640,L3006
1360,L3007
3729,L3009
2959,L3010
1062,L3011
5421,L3015
128676,L3017
1406,L3018
140,L3019
8,L3020
1796,L3021
63636,L3023
5312,L3024
2320,L3025
33,L3026
1730,L3027
3310,L3028
2108,L3029
5075,L3030
6560,L3032
15557,L3033
3541,L3034
7368,L3036
6501,L3037
7115,L3038
53306,L3039
831,L3040
3350,L3041
23,L3042
38,L3045
2367,L3046
900,L3047
1484,L3050
2502,L3052
35,L3053
1207,L3054
4720,L3055
7131,L3056
4206,L3060
523,L3063
2658,L3068
1714,L3069
105017,L3071
4139,L3077
225,L3078
1525,L3080
1444,L3082
6951,L3083
4393,L3087
2736,L3088
668,L3091
3099,L3092
4649,L3095
40797,L3096
7063,L3097
2373,L3100
14582,L3101
4792,L3103
6488,L3105
2488,L3106
1323,L3107
887,L3109
807,L3110
3761,L3111
949,L3112
7090,L3113
1327,L3114
4868,L3115
1185,L3116
4576,L3117
1482,L3119
4820,L3120
3552,L3121
6529,L3122
6479,L3124
4301,L3127
4874,L3128
6547,L3129
97720,L3130
6519,L3132
2054,L3133
6846,L3134
5052,L3136
4455,L3138
5359,L3139
4091,L3141
959,L3143
4317,L3145
4661,L3146
1202,L3147
4401,L3148
1857,L3150
5403,L3151
5520,L3152
5155,L3163
4578,L3164
4530,L3165
3663,L3166
1446,L3167
3830,L3168
6921,L3172
1641,L3173
4467,L3174
4918,L3175
101981,L3176
1726,L3177
5047,L3178
5459,L3180
5210,L3181
5286,L3184
6543,L3187
837,L3188
1115,L3189
2224,L3192
5143,L3193
1901,L3194
5130,L3196
4126,L3197
135,L3199
827,L3200
4663,L3202
1135,L3205
193,L3206
4559,L3207
966,L3209
245,L3211
1677,L3212
2136,L3215
54437,L3217
357,L3218
52236,L3219
4080,L3221
5371,L3222
4251,L3223
914,L3226
87531,L3227
1655,L3228
6409,L3229
6747,L3230
5287,L3231
4336,L3234
2456,L3235
1275,L3236
6525,L3239
1041,L3242
67721,L3243
6627,L3244
73826,L3245
4889,L3246
1813,L3248
4621,L3254
3719,L3255
822,L3257
8175,L3260
38705,L3261
2894,L3264
7150,L3267
1120,L3268
4631,L3271
8102,L3274
1744,L3275
3083,L3278
2829,L3283
7537,L3284
5183,L3286
3787,L3287
6502,L3288
6936,L3289
4671,L3292
1447,L3293
1614,L3295
2428,L3299
4108,L3300
3246,L3301
2441,L3302
66687,L3303
3926,L3304
4240,L3305
2893,L3308
2746,L3310
3204,L3310
3314,L3312
1832,L3314
5340,L3316
77002,L3318
5027,L3319
4016,L3321
2912,L3326
2410,L3327
812,L3329
7991,L3333
6368,L3336
1026,L3338
3379,L3340
6369,L3341
2786,L3344
6413,L3346
8226,L3348
4930,L3350
4395,L3352
6406,L3355
1705,L3356
3727,L3359
2873,L3360
3311,L3362
4908,L3363
5895,L3366
8108,L3367
325,L3368
5434,L3369
4198,L3370
99,L3371
3016,L3372
4619,L3373
2690,L3374
4882,L3376
6415,L3380
5378,L3383
7599,L3384
5818,L3386
4870,L3387
5232,L3391
3337,L3394
4223,L3396
6371,L3397
6372,L3397
3721,L3398
4156,L3399
938,L3400
4416,L3405
4050,L3406
5040,L3409
4532,L3412
6360,L3416
7400,L3418
5164,L3420
4898,L3421
6953,L3425
116976,L3426
1991,L3427
103205,L3428
2769,L3429
7640,L3430
8247,L3432
7858,L3433
71,L3434
1615,L3435
7584,L3436
5253,L3438
3420,L3439
1282,L3441
7771,L3443
8163,L3445
4555,L3451
7843,L3452
7642,L3453
1995,L3455
5285,L3457
92100,L3458
16159,L3459
2479,L3461
95174,L3462
4809,L3464
1043,L3465
3475,L3467
21113,L3468
4993,L3469
710,L3474
135373,L3475
628,L3476
1401,L3477
2227,L3479
2388,L3480
627,L3481
114627,L3483
6912,L3485
3014,L3486
5191,L3488
2059,L3489
4787,L3490
3198,L3491
4345,L3492
39040,L3493
8096,L3494
2613,L3497
3578,L3498
2676,L3499
3987,L3500
4836,L3501
3302,L3503
3512,L3504
2336,L3505
8839,L3506
50579,L3508
7552,L3512
1527,L3514
1316,L3515
2798,L3518
731,L3519
4379,L3520
209,L3521
3945,L3522
94,L3523
5051,L3524
7675,L3527
332,L3528
858,L3529
1422,L3530
23419,L3531
5338,L3533
4531,L3534
1833,L3535
8182,L3536
5204,L3538
5266,L3539
686,L3540
863,L3540
344,L3542
2844,L3543
2155,L3545
4456,L3546
4210,L3547
7825,L3550
5146,L3551
1697,L3552
97244,L3553
3036,L3554
8317,L3555
111491,L3556
115607,L3557
29635,L3558
4417,L3559
4573,L3562
1666,L3564
6361,L3565
219,L3566
242,L3568
2890,L3570
4695,L3572
810,L3573
140681,L3574
41235,L3578
3222,L3583
8251,L3584
1809,L3585
7907,L3588
87883,L3589
7990,L3590
4756,L3593
4237,L3594
7672,L3595
8002,L3595
4194,L3596
6375,L3597
2871,L3598
76410,L3605
4069,L3609
3786,L3610
5438,L3611
729,L3613
7992,L3616
136659,L3617
7507,L3618
1820,L3619
137562,L3620
1440,L3621
1019,L3622
3665,L3623
2877,L3625
4626,L3626
8404,L3630
1457,L3631
7855,L3632
3949,L3633
3163,L3634
5053,L3635
815,L3636
2173,L3636
8358,L3637
4728,L3641
3200,L3642
7899,L3643
3848,L3644
5288,L3645
2594,L3647
4495,L3648
8472,L3649
4940,L3652
7531,L3655
8037,L3661
7519,L3664
99167,L3665
7504,L3666
3596,L3668
62988,L3669
31659,L3670
8145,L3671
2720,L3672
7979,L3674
7554,L3678
7660,L3681
7835,L3682
8412,L3683
4684,L3684
8330,L3686
5495,L3687
3716,L3688
156,L3689
7801,L3691
4879,L3692
35142,L3693
5063,L3694
1370,L3696
4340,L3697
57726,L3698
5112,L3699
25413,L3700
8239,L3703
8075,L3704
2794,L3705
8424,L3706
1037,L3707
8444,L3711
8500,L3712
6374,L3713
112562,L3716
8329,L3717
444,L3718
7989,L3719
8375,L3722
7637,L3723
1259,L3724
3817,L3727
5390,L3728
7886,L3729
8158,L3730
8042,L3731
2172,L3732
1831,L3733
7521,L3734
8313,L3736
8326,L3738
8357,L3739
338,L3742
698,L3743
7489,L3744
128366,L3746
8223,L3748
8033,L3749
21110,L3750
84727,L3751
4541,L3752
2158,L3753
697,L3754
239,L3755
2327,L3756
7776,L3757
8080,L3760
15849,L3761
111533,L3762
8461,L3763
42264,L3764
3572,L3765
67057,L3766
8394,L3767
74,L3768
4356,L3769
64,L3770
4813,L3772
7477,L3774
2268,L3775
8152,L3776
82605,L3777
40154,L3779
5450,L3780
16918,L3781
25549,L3782
8366,L3783
8116,L3784
3345,L3785
10783,L3787
3678,L3788
7905,L3790
7975,L3791
7998,L3792
7867,L3793
7753,L3794
3149,L3795
2763,L3796
8245,L3797
7726,L3798
7567,L3799
7575,L3800
7600,L3801
8213,L3802
6514,L3803
8256,L3804
114537,L3807
2622,L3808
8407,L3809
8088,L3810
8425,L3811
52621,L3812
742,L3813
695,L3815
47440,L3817
135553,L3818
127222,L3819
8324,L3820
7365,L3821
8179,L3822
8427,L3823
783,L3825
8008,L3826
2490,L3828
417,L3829
8325,L3830
902,L3831
8428,L3832
2304,L3833
2918,L3836
8000,L3837
8021,L3837
7752,L3838
105326,L3839
72107,L3840
8510,L3841
7565,L3842
4192,L3843
8410,L3844
3106,L3846
674,L3847
1886,L3849
4072,L3850
52571,L3853
8794,L3854
7516,L3856
8436,L3857
85805,L3858
103276,L3859
7816,L3860
1100,L3861
8403,L3862
8346,L3863
55609,L3864
8134,L3865
140806,L3866
49455,L3867
8416,L3868
8141,L3869
970,L3870
98211,L3871
96156,L3872
7534,L3873
1668,L3874
8068,L3875
8405,L3876
2147,L3877
2826,L3878
8517,L3879
4134,L3880
135637,L3881
1236,L3882
91,L3883
6527,L3884
3252,L3885
8155,L3886
4438,L3887
8490,L3888
4111,L3890
13859,L3891
109435,L3892
61840,L3893
457,L3895
7881,L3896
2256,L3898
1087,L3899
8364,L3900
7810,L3901
7773,L3906
5227,L3908
7523,L3909
3924,L3910
491,L3911
30579,L3911
2429,L3912
7488,L3913
3291,L3914
1371,L3915
8144,L3916
4540,L3918
2872,L3919
69034,L3920
1070,L3921
4623,L3922
7692,L3923
7834,L3923
7663,L3924
8456,L3925
4584,L3926
717,L3927
3474,L3929
8486,L3932
1545,L3933
4519,L3936
107505,L3937
37958,L3938
11808,L3939
5505,L3941
1066,L3942
3167,L3943
777,L3945
1069,L3946
8094,L3947
2219,L3950
6973,L3951
7904,L3952
199,L3954
3065,L3957
8483,L3959
7664,L3960
5333,L3961
3521,L3962
5364,L3963
709,L3964
7527,L3965
640,L3966
8513,L3968
2269,L3969
4781,L3970
60828,L3972
3220,L3973
4896,L3974
8048,L3975
48431,L3976
1023,L3977
7696,L3980
3468,L3981
93072,L3982
8396,L3984
840,L3985
3688,L3985
1472,L3986
7467,L3987
1431,L3988
5179,L3989
466,L3990
4332,L3991
4361,L3993
7892,L3994
5147,L3998
1430,L3999
2091,L4000
120935,L4001
7479,L4003
7954,L4004
8174,L4005
6362,L4006
8035,L4007
62969,L4008
158,L4009
588,L4010
2195,L4013
817,L4014
5198,L4016
8252,L4017
507,L4018
536,L4019
8493,L4020
2747,L4021
5564,L4022
8438,L4023
512,L4024
6363,L4025
4020,L4028
7628,L4029
953,L4031
4484,L4032
8188,L4034
3520,L4035
7747,L4036
7914,L4037
8264,L4037
8385,L4037
103,L4038
4239,L4039
468,L4040
7572,L4041
4337,L4042
475,L4043
1920,L4044
5228,L4045
1672,L4046
7819,L4048
3750,L4049
474,L4050
5240,L4054
179,L4055
943,L4057
2008,L4057
7853,L4060
8471,L4062
8206,L4063
8440,L4064
1278,L4066
8339,L4067
2392,L4070
4101,L4072
101212,L4073
3642,L4074
7631,L4076
5116,L4077
5565,L4079
5542,L4080
55621,L4081
2371,L4082
53651,L4083
25403,L4084
6358,L4085
1917,L4086
54729,L4088
6426,L4089
7606,L4090
4761,L4091
6357,L4092
30554,L4093
3966,L4094
7622,L4096
5249,L4098
5195,L4099
97104,L4100
55624,L4101
8506,L4103
7709,L4104
6356,L4105
2795,L4106
83716,L4107
1949,L4108
8413,L4109
7682,L4110
5412,L4111
6404,L4112
90975,L4115
5303,L4116
32670,L4117
1699,L4118
6378,L4121
8389,L4122
1575,L4123
5208,L4124
7740,L4125
8397,L4126
8322,L4127
3619,L4128
360,L4129
5223,L4130
7811,L4131
896,L4133
401,L4134
4260,L4135
90950,L4136
135688,L4138
5331,L4139
8382,L4142
4428,L4143
1326,L4144
1134,L4145
7743,L4146
2636,L4147
268,L4148
68059,L4149
2734,L4150
15908,L4151
8105,L4152
11753,L4154
1838,L4155
7760,L4156
80525,L4158
790,L4159
37922,L4160
1242,L4161
1209,L4162
5197,L4163
5435,L4165
7756,L4166
7862,L4167
8474,L4169
7997,L4172
7634,L4173
80526,L4174
3798,L4175
7643,L4176
1707,L4177
7823,L4178
1854,L4179
19035,L4182
5488,L4183
3439,L4184
7633,L4185
2639,L4186
4064,L4187
4254,L4188
7733,L4189
78434,L4190
2186,L4193
894,L4194
8046,L4198
8481,L4199
3754,L4200
7860,L4201
23286,L4202
8406,L4203
7524,L4204
8423,L4205
2992,L4206
101202,L4207
766,L4208
1076,L4211
4655,L4212
7944,L4213
4718,L4214
5244,L4215
2922,L4216
8477,L4221
90015,L4222
4216,L4223
5332,L4224
3273,L4225
3540,L4226
7897,L4227
65703,L4228
5382,L4229
5464,L4230
8503,L4231
8315,L4232
1123,L4234
66035,L4236
108402,L4237
129,L4239
7768,L4240
89978,L4241
5300,L4242
8362,L4243
2123,L4244
139765,L4245
834,L4246
139707,L4247
5392,L4248
7921,L4251
3631,L4252
4892,L4254
40075,L4255
67054,L4256
5016,L4258
231,L4259
4143,L4261
6377,L4264
84729,L4265
40044,L4266
548,L4267
62864,L4268
127344,L4269
6376,L4270
2789,L4271
4765,L4275
5416,L4276
7536,L4277
7538,L4278
1722,L4279
2902,L4280
4795,L4281
8157,L4282
7458,L4284
361,L4290
2964,L4291
6354,L4292
7525,L4293
1131,L4294
122961,L4296
117621,L4298
6387,L4300
107382,L4301
3441,L4302
1819,L4305
1684,L4306
43263,L4307
100202,L4308
75,L4309
55617,L4312
135981,L4313
1168,L4314
17947,L4315
43237,L4315
103210,L4315
7798,L4316
72,L4317
2313,L4318
42225,L4319
91980,L4319
5054,L4320
78419,L4321
84,L4322
7658,L4326
203,L4328
5579,L4329
29451,L4330
94084,L4331
121982,L4331
4539,L4333
2376,L4335
5514,L4337
5348,L4338
3943,L4339
8526,L4340
2062,L4341
8484,L4342
7529,L4343
5349,L4344
1932,L4345
45290,L4346
4549,L4350
3865,L4351
335,L4352
8482,L4353
3900,L4354
1080,L4355
541,L4356
78404,L4358
7925,L4359
115659,L4360
139780,L4361
51452,L4362
54712,L4363
10769,L4364
109348,L4366
2648,L4367
5451,L4374
8494,L4375
42203,L4376
8363,L4377
1089,L4378
66005,L4381
139770,L4382
57709,L4383
132581,L4385
43260,L4386
103214,L4387
7799,L4389
3618,L4392
9883,L4393
132578,L4394
118775,L4395
135695,L4396
7676,L4397
135698,L4398
109,L4399
8387,L4400
4520,L4408
7727,L4409
59793,L4410
67008,L4411
56682,L4412
2566,L4413
33651,L4414
91950,L4414
4307,L4416
5315,L4417
3741,L4418
6355,L4419
1109,L4420
95004,L4421
1547,L4423
33706,L4427
2876,L4428
7809,L4429
1768,L4431
44274,L4433
29507,L4434
62854,L4435
15797,L4438
47233,L4438
24325,L4439
75192,L4440
134691,L4441
1570,L4442
30537,L4443
126136,L4445
28465,L4446
15848,L4447
3561,L4448
36845,L4450
2606,L4451
134680,L4455
1992,L4456
116648,L4457
3356,L4459
4785,L4460
971,L4461
7746,L4463
1315,L4464
2372,L4465
6379,L4466
4845,L4467
2267,L4468
28356,L4469
539,L4470
96033,L4471
69070,L4472
48314,L4473
1514,L4474
73041,L4475
124051,L4476
7981,L4477
7468,L4478
1845,L4479
7917,L4480
10673,L4481
52531,L4482
35777,L4483
131577,L4483
8402,L4485
138812,L4488
173,L4489
6364,L4490
95068,L4491
10670,L4492
79413,L4492
36762,L4494
2220,L4495
85738,L4496
1764,L4497
3011,L4498
37919,L4499
14775,L4500
540,L4501
122917,L4502
5588,L4504
52595,L4505
8023,L4506
80508,L4507
3682,L4508
76267,L4512
34659,L4513
4835,L4514
3542,L4515
7856,L4516
2952,L4517
87796,L4519
4267,L4520
56629,L4523
60742,L4524
1946,L4526
1065,L4527
877,L4528
117631,L4530
62813,L4531
94990,L4531
4913,L4532
4144,L4533
7580,L4534
2927,L4535
124013,L4536
7818,L4537
2295,L4538
7491,L4539
17898,L4540
135708,L4542
765,L4544
1696,L4546
17954,L4547
61844,L4547
18987,L4548
96068,L4549
103186,L4550
8475,L4551
104172,L4553
8138,L4555
163,L4557
373,L4561
37873,L4561
123941,L4561
140838,L4561
126037,L4562
8049,L4563
4381,L4564
17959,L4567
4164,L4569
263,L4570
1139,L4570
3802,L4573
28397,L4574
678,L4575
1943,L4576
7679,L4577
137740,L4578
3624,L4579
32704,L4581
100219,L4581
1478,L4582
38853,L4583
17960,L4584
42249,L4584
78348,L4585
10727,L4586
103152,L4589
126,L4590
2185,L4592
97147,L4593
119746,L4594
7934,L4595
87,L4596
41146,L4597
14815,L4598
8018,L4599
15823,L4600
110327,L4601
4243,L4604
1321,L4605
1755,L4606
66962,L4607
4001,L4608
6367,L4609
41137,L4610
3482,L4611
119753,L4612
1822,L4613
108285,L4614
2424,L4615
1188,L4619
8874,L4620
2532,L4621
2629,L4622
7974,L4623
1964,L4624
7879,L4625
26503,L4626
4274,L4628
73059,L4629
734,L4630
1359,L4630
48346,L4631
60727,L4632
3766,L4633
124079,L4634
63910,L4635
123989,L4636
283,L4637
2842,L4638
2249,L4639
27495,L4640
1703,L4641
188,L4643
2287,L4644
128398,L4644
3489,L4645
33662,L4646
74217,L4647
17867,L4648
25326,L4649
3970,L4650
1911,L4652
375,L4653
3637,L4654
119754,L4655
105283,L4656
3799,L4657
95013,L4658
128460,L4658
91915,L4659
6366,L4660
1432,L4661
8437,L4662
39957,L4664
8465,L4665
136603,L4666
75277,L4667
4927,L4668
95022,L4670
43282,L4671
2261,L4673
58639,L4674
104189,L4674
8451,L4675
87903,L4676
3209,L4677
4178,L4677
58664,L4678
101139,L4679
57676,L4680
1636,L4681
31605,L4682
9972,L4683
104214,L4683
129465,L4683
610,L4684
19981,L4685
4200,L4688
1307,L4690
78447,L4692
4278,L4693
139838,L4694
685,L4695
134629,L4696
43280,L4697
139729,L4697
3819,L4698
7605,L4699
4434,L4700
3307,L4701
1439,L4702
3630,L4702
131668,L4703
129509,L4707
12827,L4708
19077,L4708
392,L4709
280,L4710
59714,L4711
16866,L4712
96130,L4713
3686,L4715
1816,L4716
66739,L4717
58763,L4718
501,L4719
5449,L4720
2483,L4723
8004,L4724
125058,L4725
97084,L4726
34661,L4727
736,L4728
4297,L4729
4098,L4730
4849,L4731
4603,L4732
35794,L4733
4061,L4734
700,L4735
82526,L4736
2686,L4737
114507,L4738
47232,L4739
2419,L4740
123977,L4741
11789,L4742
87802,L4745
123972,L4747
7652,L4748
26427,L4749
490,L4750
1942,L4751
2604,L4752
134618,L4754
1737,L4755
3973,L4756
1335,L4757
110,L4758
5479,L4759
4035,L4760
79404,L4761
2576,L4762
3528,L4763
236,L4765
197,L4766
4991,L4767
2002,L4768
131608,L4769
1934,L4770
89989,L4771
4252,L4774
126042,L4775
9926,L4776
3353,L4778
17866,L4779
63876,L4780
65948,L4781
8043,L4783
70049,L4784
28499,L4785
68075,L4785
17906,L4787
1378,L4788
80490,L4789
2193,L4791
7910,L4793
65915,L4795
800,L4796
71126,L4798
92026,L4799
133684,L4800
7517,L4801
11794,L4802
35683,L4803
82594,L4804
98189,L4805
138716,L4806
3349,L4807
2628,L4808
22249,L4809
112583,L4809
7852,L4810
3598,L4811
3738,L4812
6359,L4813
1534,L4814
2517,L4815
119834,L4816
49438,L4817
3889,L4818
122876,L4820
1881,L4821
2545,L4822
924,L4824
3407,L4825
3800,L4826
8803,L4827
58758,L4828
2203,L4829
1505,L4830
67985,L4831
1828,L4832
1958,L4833
2121,L4834
2435,L4836
1736,L4838
4751,L4840
36724,L4841
1675,L4842
77359,L4843
85795,L4844
955,L4846
135656,L4847
1649,L4848
8092,L4849
21138,L4850
4577,L4851
94983,L4852
5161,L4853
485,L4854
63963,L4855
80500,L4856
3077,L4857
5149,L4858
29465,L4859
3809,L4860
7778,L4861
4256,L4862
84678,L4863
100184,L4865
21140,L4866
2815,L4867
2583,L4870
3720,L4871
1750,L4872
27448,L4873
4583,L4874
2154,L4875
24363,L4876
110434,L4877
1166,L4878
89903,L4879
5521,L4880
112493,L4881
41151,L4882
1337,L4883
25449,L4884
5269,L4885
1751,L4886
83634,L4887
69085,L4888
1873,L4889
1338,L4891
1878,L4892
90941,L4894
1539,L4896
724,L4897
3904,L4897
1556,L4898
7522,L4900
133648,L4901
773,L4903
84662,L4904
117581,L4906
85701,L4907
1147,L4908
20074,L4909
1680,L4910
34726,L4911
99205,L4911
94087,L4912
57638,L4913
22108,L4914
106329,L4915
3264,L4916
823,L4919
8162,L4921
117656,L4925
59814,L4926
3013,L4927
41048,L4928
30606,L4929
3173,L4930
232,L4931
2738,L4933
7704,L4934
2024,L4937
86763,L4938
835,L4939
96122,L4940
4414,L4941
70116,L4942
50449,L4943
138745,L4944
46260,L4945
117637,L4946
85654,L4947
8128,L4948
79,L4950
79429,L4951
114558,L4953
137728,L4954
1814,L4955
1153,L4956
2605,L4957
8055,L4958
8340,L4960
2017,L4961
2584,L4962
1938,L4963
42112,L4964
3657,L4965
32609,L4966
5207,L4967
620,L4968
4990,L4969
13765,L4971
1644,L4972
3331,L4975
531,L4976
61817,L4977
24352,L4978
86726,L4979
126113,L4980
83667,L4981
5517,L4982
31636,L4984
1898,L4985
57641,L4987
2067,L4988
93043,L4989
3784,L4990
7827,L4991
4662,L4992
4934,L4993
3236,L4994
874,L4998
2065,L4999
68041,L5000
1592,L5002
50432,L5004
123003,L5005
3985,L5006
3672,L5007
94111,L5008
6383,L5009
4708,L5010
3024,L5011
3467,L5012
5293,L5013
3673,L5015
2286,L5016
46326,L5017
2817,L5018
2680,L5019
726,L5020
2896,L5022
5044,L5023
5543,L5024
56645,L5025
1093,L5026
3773,L5028
127316,L5029
9912,L5030
7615,L5031
228,L5032
8845,L5033
99192,L5035
4011,L5036
1466,L5037
3639,L5039
3434,L5040
55611,L5041
13785,L5042
55584,L5043
3835,L5044
33640,L5046
2787,L5047
4176,L5048
3316,L5049
4706,L5050
4387,L5051
1258,L5053
49372,L5056
1806,L5057
1876,L5058
125049,L5058
117695,L5060
1681,L5061
266,L5062
1219,L5064
448,L5065
136690,L5066
5261,L5067
5205,L5069
78424,L5071
8913,L5072
105254,L5072
2729,L5073
103162,L5074
4854,L5075
112600,L5077
127358,L5078
3078,L5080
125146,L5081
20093,L5082
118753,L5083
764,L5084
67,L5085
29550,L5086
8054,L5087
4424,L5088
2572,L5089
4669,L5090
1927,L5092
2913,L5094
1762,L5095
5194,L5096
3041,L5097
422,L5099
3909,L5100
111483,L5102
71026,L5103
854,L5104
256,L5105
4673,L5106
4236,L5107
4450,L5107
120911,L5108
5009,L5109
2086,L5110
3996,L5111
77306,L5112
2759,L5113
4885,L5116
4115,L5117
35774,L5118
4857,L5119
3251,L5120
3069,L5121
138768,L5122
14882,L5123
104200,L5124
44280,L5125
4320,L5126
2073,L5127
125110,L5129
4499,L5131
5020,L5132
34729,L5133
3574,L5134
27432,L5135
1497,L5136
3616,L5137
1903,L5140
103194,L5142
8295,L5144
131,L5145
222,L5146
102116,L5147
5475,L5148
8242,L5149
67996,L5150
4658,L5151
105285,L5152
306,L5153
3758,L5154
106,L5155
127451,L5157
5176,L5158
8027,L5159
7562,L5160
33718,L5162
4368,L5163
5000,L5164
5328,L5165
135679,L5166
59799,L5169
4656,L5170
4087,L5171
4659,L5172
14842,L5174
16911,L5175
1004,L5176
91905,L5177
4777,L5178
70034,L5179
7767,L5180
13820,L5181
3548,L5182
5014,L5184
251,L5185
34684,L5186
111528,L5187
142,L5189
75267,L5190
78439,L5191
4321,L5192
1725,L5194
88977,L5195
4902,L5196
5431,L5196
5062,L5197
5474,L5198
117598,L5199
2318,L5200
3697,L5201
594,L5203
15831,L5204
1061,L5205
4979,L5207
86840,L5208
112557,L5209
7725,L5210
2755,L5211
3658,L5213
7480,L5214
1914,L5215
131564,L5218
1465,L5219
121973,L5220
4188,L5221
4951,L5222
478,L5223
4369,L5224
2018,L5226
31630,L5227
6344,L5228
26422,L5229
140767,L5230
6384,L5231
5187,L5232
111522,L5233
3295,L5234
13747,L5235
16783,L5236
4460,L5237
37951,L5238
50483,L5239
4994,L5240
1274,L5241
5083,L5242
10759,L5244
1353,L5246
407,L5247
58731,L5248
7551,L5249
706,L5250
92022,L5251
973,L5253
12793,L5254
36817,L5255
24366,L5258
43169,L5259
915,L5260
1634,L5261
138730,L5262
5455,L5265
2834,L5266
2589,L5267
42222,L5268
1013,L5269
2101,L5271
4904,L5272
5157,L5273
7669,L5274
841,L5275
2718,L5276
4907,L5277
3860,L5278
3731,L5279
1812,L5280
102136,L5281
123950,L5282
3892,L5284
963,L5285
80446,L5286
704,L5287
3696,L5289
15809,L5290
125098,L5291
114544,L5293
4548,L5294
33689,L5295
782,L5296
5456,L5297
93999,L5298
107299,L5299
4491,L5300
7759,L5302
3216,L5305
7735,L5306
19002,L5307
8236,L5308
4672,L5309
24381,L5310
5163,L5311
5182,L5312
2772,L5314
7836,L5315
804,L5316
3818,L5317
1058,L5318
2344,L5319
96048,L5320
440,L5321
1387,L5323
58719,L5324
8177,L5325
4211,L5326
8415,L5327
51461,L5328
4817,L5329
37821,L5330
2754,L5331
3946,L5332
1253,L5333
48407,L5334
4789,L5336
3057,L5337
2839,L5339
45295,L5340
8348,L5346
58720,L5347
4956,L5348
4675,L5349
5136,L5350
8183,L5351
62,L5352
2540,L5353
3535,L5354
8367,L5356
101216,L5357
4776,L5358
56670,L5359
4646,L5361
132608,L5362
3543,L5363
617,L5364
1083,L5366
270,L5367
7978,L5369
112569,L5372
43257,L5373
436,L5374
8151,L5375
4627,L5376
4534,L5377
4296,L5378
5432,L5380
124054,L5381
4711,L5382
117649,L5383
29483,L5384
5410,L5385
2221,L5386
54929,L5387
45221,L5388
5076,L5389
2022,L5390
129494,L5391
60729,L5394
4846,L5395
75244,L5396
70,L5398
95305,L5399
2994,L5400
57628,L5402
97079,L5403
18979,L5404
31639,L5405
4439,L5406
13790,L5407
5017,L5408
4275,L5409
1146,L5410
768,L5411
1470,L5412
17832,L5413
1848,L5414
118752,L5417
4850,L5418
5126,L5419
2984,L5420
5347,L5421
2968,L5422
1708,L5423
2037,L5424
403,L5425
4422,L5426
104301,L5427
4048,L5428
1897,L5429
916,L5430
1953,L5431
65995,L5432
75166,L5433
3950,L5435
53620,L5436
121856,L5437
8219,L5438
5078,L5439
101144,L5440
1417,L5442
4286,L5443
65932,L5445
26455,L5446
64987,L5448
1979,L5449
1772,L5450
5272,L5451
55513,L5452
2529,L5453
113505,L5454
6347,L5455
108276,L5456
2546,L5459
4089,L5460
5360,L5461
54611,L5462
3942,L5463
2519,L5466
97068,L5467
4791,L5468
720,L5469
140770,L5470
106260,L5471
3169,L5472
4973,L5473
7712,L5474
125158,L5475
3074,L5476
3982,L5477
2409,L5479
762,L5480
537,L5482
8863,L5484
134724,L5485
8241,L5486
3499,L5487
122956,L5488
1493,L5490
2588,L5491
2411,L5493
4306,L5495
3445,L5496
27482,L5497
4943,L5498
7763,L5500
5339,L5501
1448,L5502
129444,L5503
968,L5504
4177,L5505
3114,L5506
2780,L5508
3343,L5509
1003,L5510
2128,L5513
3400,L5514
63946,L5516
8895,L5518
666,L5519
21038,L5520
745,L5522
3238,L5523
30559,L5525
128,L5526
136695,L5527
113488,L5528
2824,L5529
5154,L5531
3026,L5532
623,L5533
5298,L5535
2237,L5536
5319,L5537
6386,L5538
4270,L5539
4847,L5540
92251,L5541
2181,L5542
1330,L5543
4400,L5544
4122,L5545
1512,L5546
37914,L5548
62837,L5549
71100,L5550
64981,L5555
4364,L5558
96115,L5559
2981,L5560
2088,L5561
58723,L5562
83644,L5564
4046,L5565
4596,L5566
97371,L5568
3463,L5569
3963,L5572
8026,L5573
4796,L5574
1250,L5575
5381,L5576
5153,L5577
102475,L5578
67262,L5579
5067,L5580
7684,L5583
139824,L5585
2132,L5586
3109,L5587
5472,L5588
749,L5589
4878,L5591
1582,L5592
386,L5594
5510,L5595
1142,L5596
4919,L5597
641,L5598
1300,L5599
1074,L5600
1941,L5602
612,L5603
3728,L5604
4963,L5605
41053,L5606
100185,L5607
5568,L5608
96133,L5609
4602,L5610
5511,L5611
3864,L5612
113483,L5613
969,L5615
4412,L5616
5236,L5617
2683,L5621
4612,L5622
50697,L5623
557,L5626
2661,L5627
2538,L5628
57671,L5629
39951,L5630
21049,L5631
4731,L5632
59786,L5633
4780,L5634
5441,L5635
3792,L5636
3748,L5637
7857,L5638
4565,L5639
4370,L5640
101127,L5641
4463,L5642
127388,L5643
3583,L5644
4833,L5645
133646,L5646
81497,L5647
3829,L5648
3562,L5649
3177,L5651
1164,L5652
3469,L5653
93023,L5654
5033,L5655
196,L5657
4757,L5658
3834,L5659
4235,L5660
4398,L5661
5292,L5664
1661,L5665
83676,L5666
4960,L5668
81475,L5669
99156,L5670
5353,L5671
2000,L5672
8204,L5674
960,L5675
2076,L5676
4611,L5677
1683,L5678
3555,L5679
4485,L5680
1868,L5681
2072,L5681
133645,L5682
4950,L5683
114491,L5684
4390,L5687
2025,L5688
8419,L5689
1496,L5690
94998,L5691
92972,L5692
83682,L5693
112529,L5693
33647,L5694
3584,L5695
975,L5699
4931,L5700
5270,L5701
4724,L5702
2461,L5704
4489,L5706
20051,L5707
129531,L5709
5571,L5710
1295,L5711
8380,L5712
90919,L5713
2939,L5714
4793,L5715
3373,L5716
4241,L5717
8243,L5718
5453,L5719
305,L5720
5139,L5723
1365,L5724
976,L5726
109425,L5727
4349,L5728
2919,L5729
2596,L5730
1102,L5732
956,L5733
5064,L5736
103181,L5737
4914,L5739
4683,L5740
3244,L5741
2443,L5742
5425,L5744
1243,L5745
1664,L5746
648,L5747
4522,L5749
2196,L5750
117610,L5751
65913,L5752
47286,L5754
1150,L5755
876,L5757
25391,L5758
3571,L5759
71016,L5760
103160,L5760
4496,L5761
2897,L5763
4897,L5764
5048,L5765
5465,L5766
772,L5767
3930,L5768
618,L5769
4721,L5770
5369,L5771
1859,L5772
4493,L5773
519,L5776
5417,L5777
4459,L5778
3225,L5779
2996,L5780
3017,L5781
4554,L5782
4589,L5784
4923,L5785
4887,L5786
5120,L5787
1090,L5788
4869,L5789
3513,L5790
3774,L5792
34613,L5793
802,L5794
2191,L5795
3570,L5795
4377,L5796
5220,L5797
2598,L5798
115522,L5799
4810,L5800
1572,L5801
28391,L5802
4515,L5803
5489,L5805
5473,L5806
5442,L5807
166,L5809
1343,L5810
2095,L5811
4635,L5812
5502,L5813
5265,L5814
4745,L5815
5150,L5816
3927,L5817
8246,L5818
93022,L5819
2708,L5820
4546,L5821
3496,L5822
4385,L5824
5311,L5825
38865,L5828
4906,L5829
89950,L5830
85757,L5831
4316,L5832
3265,L5833
5428,L5836
1870,L5837
950,L5838
5443,L5839
489,L5840
3573,L5841
3019,L5842
3494,L5843
2823,L5844
1381,L5846
4330,L5847
1660,L5848
5115,L5850
4628,L5851
2016,L5852
4946,L5853
5071,L5854
1000,L5857
1227,L5858
5535,L5859
2355,L5860
1349,L5861
4690,L5862
1691,L5863
4779,L5864
5471,L5865
2527,L5866
5537,L5867
1462,L5868
5012,L5869
3711,L5870
4466,L5871
200,L5872
4471,L5873
5077,L5874
85766,L5876
7604,L5877
8200,L5877
676,L5878
1588,L5879
7701,L5880
5219,L5882
3044,L5883
3401,L5884
4722,L5887
8120,L5889
5304,L5890
4641,L5891
4772,L5893
8121,L5894
906,L5895
5262,L5897
7612,L5898
7707,L5899
2910,L5902
7671,L5903
5248,L5904
7900,L5905
5023,L5906
1226,L5908
3399,L5909
76348,L5910
4587,L5913
544,L5914
818,L5915
4713,L5916
133629,L5919
4876,L5921
5206,L5923
33741,L5924
5283,L5925
4664,L5927
7708,L5928
1193,L5929
8103,L5931
8487,L5932
5389,L5937
5127,L5938
8422,L5939
37830,L5940
4498,L5941
5294,L5943
4625,L5944
2667,L5945
4430,L5948
5295,L5950
2885,L5951
1443,L5952
2932,L5953
1336,L5954
1976,L5955
3073,L5956
2394,L5957
4831,L5958
34639,L5959
3836,L5961
32938,L5962
2001,L5963
2129,L5964
7667,L5965
2046,L5966
740,L5967
2637,L5968
1451,L5969
135675,L5970
3623,L5971
4957,L5972
4666,L5973
4982,L5974
4021,L5975
5043,L5976
441,L5977
59003,L5978
2239,L5979
3178,L5980
803,L5981
2199,L5982
109358,L5983
621,L5984
3362,L5985
32738,L5986
964,L5987
1006,L5988
91976,L5989
134694,L5990
98116,L5991
3609,L5992
101152,L5993
864,L5994
3168,L5995
1262,L5996
5534,L5997
8858,L5998
4855,L5999
7721,L6000
7710,L6001
4458,L6002
5587,L6003
1384,L6005
3256,L6007
5015,L6008
2916,L6009
5388,L6010
4081,L6011
8298,L6012
3605,L6013
5561,L6014
4590,L6016
4006,L6017
5024,L6018
4318,L6019
126105,L6020
71069,L6021
127430,L6022
2528,L6023
4826,L6024
546,L6026
4299,L6027
4643,L6028
5088,L6029
88924,L6030
1176,L6031
7749,L6033
25315,L6035
129473,L6036
421,L6037
2838,L6038
1050,L6039
111482,L6040
2462,L6041
90215,L6042
5518,L6043
59770,L6045
1543,L6046
3363,L6047
121932,L6048
3444,L6049
5586,L6050
564,L6051
3876,L6052
5090,L6053
3288,L6054
120782,L6055
42185,L6056
101455,L6057
139785,L6058
3380,L6059
2625,L6060
114498,L6061
4257,L6062
5370,L6063
16870,L6066
1223,L6067
68062,L6068
473,L6069
1467,L6070
1983,L6071
4877,L6072
388,L6073
530,L6075
2357,L6076
4402,L6077
2526,L6078
16811,L6079
1798,L6080
5440,L6081
62886,L6082
983,L6083
119801,L6084
21097,L6085
8017,L6086
14807,L6087
4107,L6088
70058,L6090
317,L6091
3890,L6092
5368,L6094
75245,L6095
44272,L6096
2725,L6097
2802,L6098
575,L6099
1669,L6100
5555,L6101
10828,L6103
88111,L6104
3279,L6105
1269,L6107
4075,L6108
3170,L6109
5524,L6110
1460,L6111
107638,L6112
5512,L6113
56673,L6114
13826,L6115
3453,L6116
1291,L6117
5454,L6118
56631,L6119
5041,L6120
1044,L6121
4326,L6122
117896,L6124
776,L6125
4871,L6126
616,L6127
5538,L6128
5439,L6130
1395,L6131
2835,L6132
130565,L6133
923,L6134
60674,L6135
3050,L6136
2317,L6137
124009,L6138
18184,L6139
3375,L6140
5101,L6141
3313,L6142
15860,L6143
1785,L6145
3955,L6147
2752,L6148
4758,L6149
88859,L6150
1667,L6151
977,L6152
94012,L6153
131584,L6154
115506,L6156
8392,L6157
1481,L6158
5108,L6160
3032,L6161
3961,L6162
5322,L6163
3674,L6165
1905,L6166
1257,L6167
2358,L6168
4952,L6169
2705,L6170
38904,L6171
136401,L6172
1040,L6173
3692,L6174
130218,L6175
5582,L6176
2542,L6177
830,L6178
4513,L6179
3652,L6181
4518,L6182
38156,L6183
3415,L6184
28705,L6185
972,L6186
57729,L6187
3154,L6188
12023,L6192
2660,L6196
883,L6197
4692,L6199
98081,L6200
3241,L6201
3258,L6202
980,L6203
2741,L6204
2809,L6205
15833,L6206
3685,L6207
1743,L6208
5028,L6209
5481,L6211
5509,L6212
4842,L6213
32606,L6214
4160,L6215
934,L6216
2765,L6217
15124,L6218
547,L6220
34714,L6221
2245,L6222
2381,L6223
1332,L6224
5224,L6226
4633,L6227
2010,L6228
741,L6229
4333,L6230
1232,L6232
3948,L6233
1161,L6234
615,L6235
5050,L6236
2934,L6238
35759,L6239
3739,L6240
5411,L6242
5423,L6243
3676,L6244
2645,L6245
8372,L6246
30826,L6247
1423,L6249
542,L6250
493,L6251
1810,L6252
1345,L6253
111443,L6254
4547,L6255
1778,L6257
46243,L6258
1389,L6259
9632,L6260
22229,L6261
3392,L6262
1511,L6263
71058,L6264
3387,L6265
4190,L6266
136409,L6267
116884,L6269
133715,L6270
8431,L6271
5362,L6272
3537,L6273
117908,L6274
131295,L6275
2299,L6276
19290,L6277
4815,L6278
4974,L6279
1800,L6280
51777,L6281
1208,L6282
1009,L6283
13788,L6284
7734,L6285
86730,L6286
3715,L6287
112780,L6288
3635,L6289
37862,L6290
8131,L6291
4413,L6292
3980,L6294
454,L6296
18173,L6297
11689,L6298
3811,L6299
1551,L6300
4008,L6301
1266,L6302
753,L6305
3735,L6306
3476,L6307
4271,L6308
292,L6309
42457,L6310
120066,L6311
5169,L6312
98420,L6313
44232,L6314
2232,L6315
85739,L6317
27690,L6318
5281,L6319
138503,L6320
3364,L6321
67279,L6322
132634,L6326
4687,L6328
3289,L6329
105575,L6330
13786,L6331
30804,L6334
5531,L6335
449,L6336
1489,L6337
5393,L6338
3071,L6339
74139,L6340
3055,L6341
3297,L6342
3196,L6343
97375,L6344
4059,L6345
99199,L6346
643,L6347
2416,L6348
104280,L6349
72054,L6350
45514,L6351
130559,L6352
482,L6355
2265,L6357
101148,L6359
1685,L6360
3989,L6362
60018,L6363
86776,L6364
2846,L6365
43198,L6366
3336,L6367
4102,L6368
121164,L6369
86022,L6370
3586,L6371
107313,L6373
87813,L6374
1411,L6375
22196,L6376
75162,L6378
2402,L6380
75167,L6381
3626,L6382
123980,L6383
3186,L6384
134709,L6385
55538,L6386
1435,L6387
115575,L6388
3215,L6390
82534,L6391
34974,L6392
1826,L6394
129526,L6395
112541,L6396
2071,L6397
1471,L6398
84701,L6399
137407,L6400
21403,L6401
96377,L6402
598,L6403
15884,L6404
117906,L6405
94309,L6406
96372,L6408
32612,L6409
108335,L6410
5457,L6411
2801,L6412
1853,L6413
3592,L6414
14057,L6415
58705,L6416
79441,L6417
4123,L6418
54607,L6419
60678,L6420
66949,L6421
132643,L6422
3667,L6424
76241,L6425
25327,L6426
65989,L6427
4056,L6428
584,L6431
29505,L6433
9638,L6434
77634,L6435
53552,L6436
68987,L6437
38887,L6438
3597,L6439
1180,L6440
2635,L6441
107365,L6442
1540,L6443
660,L6445
134399,L6447
65917,L6448
88865,L6449
59708,L6450
1746,L6451
3978,L6452
81842,L6453
1922,L6454
2047,L6455
117629,L6456
42124,L6457
5483,L6458
680,L6459
3377,L6460
2841,L6461
112805,L6462
129179,L6463
848,L6464
3621,L6466
122904,L6467
5476,L6468
3079,L6469
133713,L6470
125336,L6471
1616,L6472
4325,L6473
3473,L6474
2978,L6475
23218,L6476
3560,L6477
52517,L6478
19013,L6479
110696,L6481
2386,L6482
110339,L6483
108337,L6484
64935,L6486
4551,L6487
96378,L6488
86742,L6489
110350,L6490
2341,L6491
88847,L6492
2255,L6493
31609,L6494
67288,L6495
111398,L6496
5493,L6497
53586,L6498
2691,L6499
3724,L6500
2230,L6501
49359,L6504
134415,L6505
2135,L6506
79461,L6507
408,L6508
42127,L6509
3941,L6510
8914,L6511
2391,L6513
2670,L6514
25700,L6515
43201,L6517
1414,L6518
116577,L6520
125369,L6521
127099,L6522
26424,L6523
63125,L6524
36752,L6525
115878,L6526
567,L6527
3771,L6528
62783,L6529
139825,L6530
2961,L6531
133710,L6531
3184,L6533
4298,L6534
52484,L6535
53585,L6536
87076,L6537
1060,L6538
1892,L6539
100152,L6540
41071,L6541
8588,L6542
884,L6543
91908,L6545
61008,L6546
3777,L6547
3782,L6549
738,L6550
87838,L6551
4674,L6552
3008,L6554
56235,L6555
68332,L6556
12016,L6557
33644,L6558
1263,L6559
78703,L6560
1082,L6561
45518,L6562
8601,L6563
2275,L6565
9643,L6566
2692,L6567
3734,L6568
97763,L6569
88886,L6570
31629,L6571
19019,L6572
88833,L6573
92987,L6573
2165,L6574
76530,L6575
99424,L6576
86043,L6577
714,L6578
14066,L6580
28730,L6581
8297,L6582
1581,L6583
71675,L6584
27691,L6585
19307,L6587
99428,L6589
133346,L6590
127394,L6591
48660,L6592
3412,L6593
8255,L6594
3653,L6595
1895,L6596
4067,L6597
116681,L6598
2668,L6600
120067,L6601
3718,L6602
2995,L6603
3061,L6604
41066,L6605
65300,L6606
3185,L6608
2895,L6609
2614,L6610
589,L6611
133387,L6612
4181,L6613
44197,L6614
1029,L6615
3480,L6617
1067,L6618
532,L6619
833,L6622
111780,L6623
105556,L6624
74438,L6625
3368,L6626
21017,L6627
64922,L6627
34670,L6628
134700,L6629
4228,L6630
119364,L6632
78360,L6633
11017,L6634
462,L6635
3116,L6636
105245,L6637
21051,L6638
137795,L6639
66241,L6640
1583,L6641
2654,L6642
1879,L6643
138813,L6644
108619,L6645
4130,L6646
2520,L6647
9953,L6648
122,L6649
8263,L6650
34662,L6651
62058,L6653
20327,L6654
2063,L6655
131279,L6656
101181,L6657
26374,L6658
76238,L6659
53588,L6661
79432,L6662
118966,L6663
36803,L6664
67017,L6665
614,L6666
68000,L6668
119725,L6669
1564,L6671
55548,L6672
3484,L6673
2033,L6674
770,L6676
3156,L6677
4010,L6678
2743,L6679
118973,L6681
130216,L6682
1160,L6683
86011,L6684
2362,L6685
36033,L6686
4121,L6687
30815,L6688
34980,L6689
3148,L6690
3197,L6691
93012,L6692
2549,L6693
8349,L6694
116907,L6695
89216,L6696
41014,L6697
16834,L6699
688,L6701
84688,L6702
2003,L6703
78721,L6704
24306,L6705
2061,L6706
3780,L6708
103461,L6709
3646,L6710
1230,L6711
140548,L6712
1235,L6714
40002,L6716
590,L6717
3477,L6719
22456,L6720
47258,L6721
11730,L6722
72329,L6723
78669,L6723
3324,L6724
38868,L6725
4042,L6726
47231,L6727
461,L6729
2806,L6730
2351,L6731
131605,L6733
82860,L6734
113757,L6735
3117,L6736
3607,L6737
52842,L6738
4155,L6741
2405,L6742
1618,L6743
31938,L6744
2891,L6745
1333,L6746
82575,L6747
78717,L6748
42183,L6750
122226,L6751
465,L6752
64166,L6753
43496,L6754
3110,L6755
27700,L6756
2118,L6757
90245,L6758
26423,L6759
20012,L6760
4195,L6761
140545,L6762
133372,L6763
130534,L6764
62070,L6765
30834,L6766
791,L6767
99430,L6768
429,L6770
55551,L6771
3902,L6772
990,L6773
1212,L6774
1055,L6775
125063,L6777
3666,L6778
36735,L6779
137800,L6780
22173,L6781
66981,L6782
80769,L6783
30484,L6785
1053,L6786
2369,L6787
77610,L6788
114755,L6790
118719,L6791
464,L6792
60753,L6793
120075,L6794
116547,L6795
14063,L6796
1606,L6798
116892,L6799
104528,L6800
3680,L6802
4041,L6803
112550,L6804
82539,L6805
102122,L6806
51486,L6807
83936,L6808
692,L6809
17870,L6810
9914,L6811
101456,L6813
93302,L6814
69294,L6815
96038,L6816
1364,L6817
279,L6818
3284,L6819
634,L6820
38874,L6821
1930,L6822
20042,L6823
116563,L6824
67992,L6825
44531,L6826
3502,L6827
4154,L6828
931,L6829
131269,L6830
17128,L6831
89184,L6832
1952,L6833
41352,L6834
3028,L6835
16113,L6836
103504,L6837
4038,L6838
53606,L6840
315,L6841
2689,L6842
56929,L6843
61741,L6844
334,L6846
1144,L6847
24311,L6848
79761,L6849
65957,L6850
82562,L6851
3816,L6852
3385,L6853
38157,L6854
57967,L6855
95043,L6856
101162,L6857
3517,L6858
1441,L6859
119002,L6860
2694,L6861
1909,L6862
63122,L6865
61012,L6866
87067,L6868
140859,L6869
1912,L6870
3671,L6871
1839,L6872
1072,L6873
71361,L6874
2311,L6875
74160,L6876
2431,L6877
89939,L6878
100422,L6879
3082,L6880
452,L6881
103130,L6882
73077,L6883
2446,L6884
31602,L6885
106589,L6886
123978,L6889
3993,L6890
3312,L6891
57670,L6892
19306,L6894
124000,L6895
100133,L6896
108332,L6897
8489,L6898
2987,L6899
140566,L6900
30526,L6901
101149,L6902
66001,L6903
131667,L6904
130242,L6906
112486,L6907
93982,L6910
126084,L6911
2664,L6912
460,L6913
88837,L6914
131628,L6916
105220,L6917
106557,L6918
57961,L6919
127,L6921
134678,L6922
46246,L6923
405,L6924
2565,L6925
3679,L6926
3150,L6927
38927,L6928
122935,L6929
120792,L6930
8040,L6931
17838,L6933
137742,L6935
43210,L6936
3488,L6937
54660,L6938
74173,L6940
57622,L6941
90901,L6942
20311,L6944
90239,L6945
27383,L6946
1645,L6947
1154,L6948
41002,L6949
102125,L6950
8169,L6951
343,L6952
3579,L6953
71080,L6954
624,L6955
88848,L6956
126050,L6957
32582,L6958
168,L6959
4066,L6960
4149,L6961
3965,L6963
94984,L6965
18957,L6967
1573,L6968
2190,L6969
3648,L6970
2853,L6971
101442,L6973
3015,L6974
54632,L6975
126047,L6976
99111,L6977
15106,L6978
48634,L6979
57634,L6980
107343,L6981
17846,L6982
425,L6983
58641,L6984
137413,L6985
339,L6986
2649,L6987
2111,L6988
79451,L6989
3487,L6990
126109,L6991
85680,L6992
51447,L6993
126349,L6994
89946,L6995
63166,L6996
8319,L6997
165,L6999
48362,L7000
882,L7001
136715,L7002
51459,L7003
67016,L7004
136680,L7005
56904,L7006
36753,L7007
51489,L7008
62800,L7009
78711,L7010
131599,L7011
82877,L7012
9933,L7015
130238,L7017
19016,L7018
49683,L7019
107309,L7020
82551,L7021
2875,L7022
112480,L7023
117575,L7025
1011,L7028
52527,L7029
18988,L7030
123223,L7032
2837,L7033
104215,L7034
3213,L7036
15786,L7038
132321,L7040
100096,L7041
4040,L7042
88147,L7043
79457,L7044
88858,L7048
118996,L7049
23601,L7050
3704,L7052
47284,L7054
137763,L7056
4215,L7057
114076,L7059
129148,L7060
9954,L7062
3347,L7064
45877,L7065
57287,L7065
74155,L7066
7736,L7067
64909,L7068
110401,L7069
42197,L7071
123251,L7072
1884,L7075
28395,L7076
44866,L7077
14073,L7078
140544,L7080
93037,L7087
78374,L7088
96013,L7089
110678,L7090
29481,L7091
2247,L7092
40300,L7093
174,L7094
7931,L7095
83671,L7096
84970,L7097
132654,L7098
3214,L7099
996,L7101
1965,L7102
2811,L7104
3229,L7106
1676,L7107
71014,L7109
2364,L7110
99157,L7112
96014,L7113
7483,L7114
1385,L7116
53589,L7117
62828,L7120
134420,L7123
125079,L7124
102166,L7127
64556,L7128
2792,L7130
2610,L7131
110347,L7132
51769,L7133
47250,L7134
3599,L7135
1925,L7136
81822,L7137
139847,L7139
91226,L7140
92988,L7142
22870,L7145
3668,L7147
13767,L7148
116559,L7148
84699,L7149
1309,L7150
120080,L7151
111768,L7152
4124,L7153
33591,L7154
3205,L7155
49374,L7157
31569,L7158
131622,L7161
2099,L7164
53561,L7165
4047,L7166
3454,L7168
29452,L7169
93311,L7170
27410,L7172
1747,L7173
2274,L7174
1280,L7176
129521,L7178
96024,L7180
27057,L7181
1688,L7182
1528,L7184
2511,L7185
66615,L7187
53567,L7189
83617,L7190
38858,L7193
1604,L7194
1455,L7197
43225,L7198
35691,L7199
3433,L7200
1918,L7201
73818,L7202
112542,L7203
75205,L7204
2330,L7206
45217,L7207
1106,L7208
3438,L7209
131648,L7210
26713,L7211
27065,L7212
637,L7213
8916,L7215
2331,L7216
36738,L7217
1020,L7218
50426,L7219
77263,L7220
89214,L7221
3119,L7222
1670,L7223
3614,L7225
8903,L7226
3390,L7228
21034,L7229
30540,L7230
130533,L7231
130539,L7232
2463,L7233
52146,L7234
62818,L7235
1951,L7236
120832,L7237
1682,L7238
107289,L7239
82591,L7240
116548,L7241
43220,L7243
93028,L7244
115529,L7245
81120,L7246
84697,L7247
583,L7248
4045,L7249
38885,L7250
126761,L7251
46279,L7252
88869,L7253
2850,L7254
3425,L7256
13043,L7257
3278,L7258
52486,L7259
29433,L7260
2983,L7261
2638,L7262
761,L7263
114080,L7265
63864,L7266
61765,L7268
102467,L7269
1350,L7271
71996,L7272
64911,L7273
119789,L7274
89901,L7275
763,L7277
84709,L7278
66999,L7279
75184,L7281
50425,L7282
60037,L7283
19038,L7286
90559,L7287
2593,L7288
23249,L7289
100128,L7290
14806,L7291
22182,L7292
121874,L7293
29798,L7294
36782,L7295
42118,L7296
2788,L7297
116578,L7298
3923,L7300
3812,L7301
2105,L7302
64918,L7303
108338,L7304
80,L7305
59009,L7306
28720,L7307
82587,L7308
104203,L7309
22162,L7310
45204,L7312
21392,L7313
33918,L7314
120108,L7315
39975,L7318
56619,L7319
1113,L7320
75175,L7321
55934,L7323
53888,L7324
75529,L7325
3702,L7326
2464,L7327
299,L7328
48631,L7329
57643,L7331
137806,L7332
4207,L7333
2346,L7334
108343,L7335
75517,L7336
4162,L7337
96051,L7338
2400,L7339
565,L7340
131253,L7341
107285,L7343
3161,L7344
89182,L7346
30544,L7347
112812,L7348
3944,L7349
97049,L7350
134402,L7351
4227,L7352
1271,L7353
125392,L7356
34645,L7359
46288,L7360
138802,L7362
72016,L7363
2739,L7364
1094,L7365
22501,L7366
82592,L7368
63172,L7369
3962,L7370
9629,L7371
37113,L7372
4229,L7373
70053,L7374
102137,L7375
78671,L7376
61727,L7377
29795,L7378
2621,L7379
56966,L7380
859,L7381
70347,L7382
24324,L7384
16094,L7385
82555,L7386
3118,L7387
87101,L7388
97411,L7389
79787,L7391
2361,L7392
78683,L7393
88856,L7394
1646,L7395
102507,L7396
24663,L7397
3451,L7398
352,L7399
131254,L7400
80768,L7401
15158,L7402
59059,L7402
67995,L7403
64928,L7404
1022,L7405
3190,L7407
109686,L7408
4065,L7409
113784,L7410
62767,L7411
55898,L7413
1882,L7414
19998,L7415
139462,L7417
79789,L7418
110371,L7419
1183,L7420
14794,L7421
84999,L7422
104511,L7423
1203,L7424
57633,L7425
129124,L7426
63186,L7427
98382,L7428
125407,L7429
49663,L7430
22163,L7431
50743,L7432
51809,L7434
65980,L7435
53919,L7436
39964,L7437
42142,L7438
98425,L7439
3142,L7440
36034,L7441
133312,L7442
94014,L7443
102496,L7444
3418,L7446
2131,L7447
77296,L7448
19269,L7449
130219,L7450
37877,L7452
100469,L7453
41411,L7455
74470,L7456
129153,L7459
41406,L7461
45542,L7462
56613,L7463
55904,L7464
129139,L7465
98436,L7466
35000,L7467
34975,L7468
25351,L7469
102499,L7471
47607,L7473
9961,L7474
381,L7475
435,L7476
82908,L7477
262,L7478
108644,L7478
52871,L7479
103486,L7480
24673,L7481
86016,L7483
100446,L7486
49705,L7487
102179,L7488
1015,L7489
10674,L7490
2028,L7491
4166,L7492
65236,L7493
29437,L7494
105605,L7496
1287,L7497
3042,L7499
3039,L7500
2004,L7501
133389,L7502
40278,L7503
28740,L7506
113753,L7507
35005,L7508
97363,L7510
45523,L7512
95383,L7513
116877,L7514
125384,L7516
81860,L7517
1127,L7518
134063,L7519
121136,L7520
114798,L7522
2867,L7523
8589,L7524
1939,L7526
37134,L7527
2944,L7528
130915,L7529
29756,L7530
562,L7531
34954,L7533
26026,L7534
101472,L7535
57995,L7536
1428,L7537
2679,L7539
2767,L7540
102774,L7543
171,L7544
109651,L7545
2322,L7546
3495,L7547
65247,L7548
77598,L7549
16137,L7550
119024,L7552
30831,L7553
842,L7554
117898,L7557
19322,L7558
92269,L7559
100427,L7561
59046,L7563
1608,L7565
136426,L7566
52888,L7570
63,L7572
111749,L7573
259,L7574
3103,L7575
368,L7577
65274,L7578
83997,L7579
137398,L7580
2260,L7581
138483,L7582
240,L7583
3844,L7585
132339,L7587
3137,L7588
1116,L7589
1597,L7590
23576,L7591
2550,L7595
4233,L7597
61072,L7598
103522,L7599
33244,L7601
2979,L7603
878,L7604
78765,L7605
3301,L7607
3266,L7608
120102,L7609
59054,L7610
1568,L7614
34991,L7615
49704,L7618
19332,L7621
3503,L7622
992,L7623
1864,L7624
609,L7626
260,L7627
30878,L7633
41416,L7634
2283,L7635
2554,L7637
1486,L7639
2448,L7643
1607,L7644
3408,L7645
2453,L7647
213,L7652
1452,L7653
316,L7662
2496,L7666
34986,L7668
1247,L7672
111779,L7676
2060,L7678
45864,L7682
133327,L7692
918,L7693
703,L7695
573,L7698
3919,L7700
4104,L7702
1908,L7704
23618,L7705
2466,L7706
3260,L7707
4196,L7708
1687,L7710
2380,L7711
1240,L7714
39213,L7715
2468,L7716
3075,L7720
40319,L7725
1064,L7730
127074,L7734
31954,L7746
140519,L7746
2500,L7748
933,L7752
70357,L7753
921,L7756
587,L7760
2880,L7761
1402,L7766
143,L7768
140524,L7772
2161,L7773
117951,L7777
17123,L7778
1342,L7780
1996,L7782
52867,L7783
109682,L7784
2814,L7786
1520,L7787
92270,L7788
75577,L7789
15162,L7841
56101,L8488
99642,L8489
9419,L8491
130008,L8492
106820,L8493
123502,L8495
13271,L8496
11222,L8497
87328,L8498
6599,L8500
7096,L8502
18395,L8503
53075,L8504
11223,L8506
138275,L8508
108867,L8510
33127,L8512
30050,L8513
6391,L8525
6967,L8577
6302,L8602
6207,L8852
6189,L8857
6401,L8894
7382,L8910
7646,L8916
528,L8919
2036,L8924
1096,L8925
3419,L8928
7792,L8931
1354,L8933
50916,L8936
3217,L8939
2744,L8940
8293,L8941
1400,L8943
2722,L8945
1456,L8946
2417,L8947
7831,L8949
7496,L8953
1293,L8954
2180,L8954
13244,L8956
1211,L8960
1935,L8960
2043,L8962
937,L8967
1807,L8969
2699,L8970
1521,L8974
2510,L8975
3456,L8987
3086,L8988
2404,L8990
2187,L8991
1805,L8993
3498,L8995
2704,L8996
2093,L8999
2042,L9009
484,L9012
3254,L9013
2701,L9022
2272,L9024
3636,L9025
1701,L9026
4468,L9032
3490,L9038
1752,L9040
437,L9041
3126,L9042
4202,L9044
5257,L9045
1028,L9048
5092,L9051
1286,L9052
1777,L9054
1438,L9055
1550,L9056
1787,L9060
3751,L9064
1950,L9065
693,L9067
4686,L9069
4022,L9072
2935,L9074
2292,L9075
4928,L9078
2457,L9079
4284,L9085
5614,L9088
2590,L9096
2816,L9102
6343,L9104
8408,L9115
3974,L9117
3709,L9118
8030,L9119
1244,L9120
8015,L9122
2962,L9127
3808,L9131
3175,L9134
4634,L9138
2433,L9141
230,L9142
2848,L9144
2618,L9145
2682,L9146
2215,L9147
1234,L9148
2644,L9149
2659,L9150
8064,L9152
1954,L9154
2602,L9155
1357,L9156
1362,L9158
8227,L9159
6373,L9162
3880,L9163
2058,L9164
8050,L9167
1513,L9169
3270,L9170
1502,L9172
1823,L9174
3759,L9176
8153,L9177
102216,L9181
3628,L9183
3206,L9185
1143,L9187
57769,L9187
1891,L9188
128328,L9189
2735,L9191
2949,L9193
3756,L9194
2182,L9195
1620,L9196
2273,L9198
3072,L9200
8221,L9201
1027,L9202
3840,L9203
1874,L9204
2608,L9213
2847,L9214
7865,L9216
3899,L9217
2434,L9220
2903,L9222
2958,L9223
3191,L9226
1107,L9239
5367,L9246
8301,L9247
708,L9248
4249,L9251
4526,L9252
1458,L9257
1801,L9259
4442,L9260
5325,L9261
4415,L9262
5110,L9265
5342,L9267
2013,L9277
7742,L9278
2048,L9282
57956,L9285
3545,L9291
1558,L9294
673,L9357
89242,L9358
105604,L9361
8193,L9535
90448,L9546
1355,L9630
28452,L9637
35778,L9637
103201,L9640
53061,L9672
124524,L9675
8280,L9678
8285,L9680
7957,L9681
7590,L9683
7543,L9684
127906,L9685
59206,L9688
119246,L9690
56116,L9691
112983,L9694
96570,L9695
47772,L9698
7464,L9890
7,L9891
9,L9892
21,L9893
25,L9894
30,L9895
37,L9896
41,L9897
44,L9898
59,L9899
65,L9900
69,L9901
73,L9902
76,L9903
81,L9904
90,L9905
92,L9906
93,L9907
95,L9908
98,L9909
113,L9910
114,L9911
117,L9912
132,L9913
133,L9914
134,L9915
139,L9916
146,L9917
152,L9918
153,L9919
155,L9920
160,L9921
161,L9922
164,L9923
169,L9924
172,L9925
176,L9926
177,L9927
180,L9928
189,L9929
191,L9930
198,L9931
202,L9932
208,L9933
211,L9934
212,L9935
214,L9936
217,L9937
221,L9938
226,L9939
227,L9940
235,L9941
237,L9942
246,L9943
249,L9944
252,L9945
253,L9946
254,L9947
255,L9948
271,L9949
275,L9950
284,L9951
286,L9952
291,L9953
295,L9954
298,L9955
301,L9956
302,L9957
307,L9958
309,L9959
314,L9960
318,L9961
319,L9962
322,L9963
328,L9964
336,L9965
341,L9966
345,L9967
346,L9968
348,L9969
350,L9970
354,L9971
356,L9972
362,L9973
363,L9974
366,L9975
367,L9976
369,L9977
370,L9978
382,L9979
384,L9980
390,L9981
394,L9982
398,L9983
399,L9984
412,L9985
413,L9986
418,L9987
442,L9988
446,L9989
447,L9990
467,L9991
469,L9992
471,L9993
476,L9994
477,L9995
480,L9996
487,L9997
495,L9998
504,L9999
506,L10000
515,L10001
517,L10002
524,L10003
526,L10004
533,L10005
534,L10006
543,L10007
545,L10008
549,L10009
551,L10010
552,L10011
554,L10012
559,L10013
566,L10014
571,L10015
572,L10016
574,L10017
578,L10018
579,L10019
586,L10020
591,L10021
602,L10022
605,L10023
625,L10024
642,L10025
644,L10026
646,L10027
649,L10028
664,L10029
667,L10030
670,L10031
687,L10032
694,L10033
701,L10034
711,L10035
743,L10036
744,L10037
750,L10038
751,L10039
752,L10040
754,L10041
755,L10042
756,L10043
758,L10044
769,L10045
775,L10046
778,L10047
780,L10048
781,L10049
787,L10050
789,L10051
793,L10052
795,L10053
805,L10054
806,L10055
808,L10056
811,L10057
816,L10058
820,L10059
824,L10060
838,L10061
839,L10062
843,L10063
844,L10064
845,L10065
853,L10066
857,L10067
865,L10068
866,L10069
867,L10070
868,L10071
869,L10072
870,L10073
886,L10074
889,L10075
891,L10076
892,L10077
907,L10078
908,L10079
912,L10080
919,L10081
925,L10082
926,L10083
929,L10084
940,L10085
941,L10086
942,L10087
945,L10088
946,L10089
957,L10090
961,L10091
967,L10092
974,L10093
981,L10094
1010,L10095
1018,L10096
1021,L10097
1030,L10098
1031,L10099
1034,L10100
1035,L10101
1045,L10102
1048,L10103
1054,L10104
1057,L10105
1071,L10106
1077,L10107
1078,L10108
1084,L10109
1091,L10110
1092,L10111
1104,L10112
1105,L10113
1110,L10114
1128,L10115
1137,L10116
1140,L10117
1141,L10118
1148,L10119
1152,L10120
1165,L10121
1167,L10122
1171,L10123
1187,L10124
1189,L10125
1190,L10126
1194,L10127
1198,L10128
1200,L10129
1204,L10130
1206,L10131
1215,L10132
1222,L10133
1254,L10134
1265,L10135
1270,L10136
1276,L10137
1277,L10138
1279,L10139
1283,L10140
1285,L10141
1289,L10142
1294,L10143
1297,L10144
1306,L10145
1308,L10146
1313,L10147
1314,L10148
1318,L10149
1322,L10150
1325,L10151
1329,L10152
1334,L10153
1340,L10154
1344,L10155
1358,L10156
1361,L10157
1375,L10158
1390,L10159
1392,L10160
1393,L10161
1397,L10162
1403,L10163
1404,L10164
1405,L10165
1408,L10166
1413,L10167
1421,L10168
1426,L10169
1434,L10170
1436,L10171
1442,L10172
1453,L10173
1477,L10174
1479,L10175
1480,L10176
1491,L10177
1495,L10178
1500,L10179
1510,L10180
1515,L10181
1517,L10182
1522,L10183
1524,L10184
1529,L10185
1537,L10186
1538,L10187
1548,L10188
1554,L10189
1555,L10190
1561,L10191
1569,L10192
1574,L10193
1577,L10194
1584,L10195
1586,L10196
1590,L10197
1591,L10198
1593,L10199
1594,L10200
1596,L10201
1601,L10202
1602,L10203
1610,L10204
1617,L10205
1622,L10206
1624,L10207
1625,L10208
1627,L10209
1629,L10210
1635,L10211
1647,L10212
1651,L10213
1653,L10214
1671,L10215
1678,L10216
1692,L10217
1693,L10218
1694,L10219
1695,L10220
1710,L10221
1717,L10222
1727,L10223
1740,L10224
1759,L10225
1761,L10226
1763,L10227
1767,L10228
1769,L10229
1776,L10230
1780,L10231
1786,L10232
1792,L10233
1794,L10234
1799,L10235
1803,L10236
1804,L10237
1818,L10238
1834,L10239
1836,L10240
1840,L10241
1842,L10242
1843,L10243
1846,L10244
1847,L10245
1851,L10246
1852,L10247
1860,L10248
1863,L10249
1867,L10250
1871,L10251
1872,L10252
1875,L10253
1885,L10254
1887,L10255
1888,L10256
1889,L10257
1890,L10258
1902,L10259
1906,L10260
1910,L10261
1928,L10262
1931,L10263
1947,L10264
1956,L10265
1957,L10266
1968,L10267
1971,L10268
1975,L10269
1978,L10270
1980,L10271
1982,L10272
1986,L10273
1989,L10274
1997,L10275
2005,L10276
2015,L10277
2020,L10278
2027,L10279
2029,L10280
2040,L10281
2041,L10282
2051,L10283
2052,L10284
2057,L10285
2066,L10286
2068,L10287
2069,L10288
2070,L10289
2075,L10290
2083,L10291
2084,L10292
2085,L10293
2089,L10294
2094,L10295
2109,L10296
2110,L10297
2113,L10298
2114,L10299
2115,L10300
2119,L10301
2134,L10302
2145,L10303
2151,L10304
2160,L10305
2164,L10306
2169,L10307
2170,L10308
2179,L10309
2184,L10310
2192,L10311
2197,L10312
2209,L10313
2223,L10314
2225,L10315
2234,L10316
2236,L10317
2238,L10318
2254,L10319
2263,L10320
2264,L10321
2266,L10322
2270,L10323
2276,L10324
2280,L10325
2282,L10326
2297,L10327
2300,L10328
2319,L10329
2326,L10330
2329,L10331
2334,L10332
2337,L10333
2338,L10334
2342,L10335
2345,L10336
2347,L10337
2353,L10338
2356,L10339
2359,L10340
2360,L10341
2363,L10342
2370,L10343
2377,L10344
2378,L10345
2397,L10346
2403,L10347
2408,L10348
2421,L10349
2422,L10350
2427,L10351
2430,L10352
2440,L10353
2442,L10354
2447,L10355
2452,L10356
2454,L10357
2469,L10358
2471,L10359
2484,L10360
2492,L10361
2495,L10362
2498,L10363
2499,L10364
2503,L10365
2506,L10366
2512,L10367
2513,L10368
2516,L10369
2521,L10370
2524,L10371
2530,L10372
2537,L10373
2541,L10374
2551,L10375
2553,L10376
2556,L10377
2562,L10378
2573,L10379
2575,L10380
2577,L10381
2578,L10382
2580,L10383
2582,L10384
2586,L10385
2595,L10386
2600,L10387
2609,L10388
2612,L10389
2620,L10390
2624,L10391
2626,L10392
2643,L10393
2646,L10394
2651,L10395
2653,L10396
2655,L10397
2656,L10398
2657,L10399
2665,L10400
2666,L10401
2671,L10402
2674,L10403
2702,L10404
2703,L10405
2709,L10406
2710,L10407
2713,L10408
2714,L10409
2715,L10410
2716,L10411
2717,L10412
2723,L10413
2726,L10414
2727,L10415
2728,L10416
2730,L10417
2732,L10418
2737,L10419
2751,L10420
2753,L10421
2774,L10422
2777,L10423
2781,L10424
2783,L10425
2785,L10426
2793,L10427
2812,L10428
2822,L10429
2825,L10430
2830,L10431
2836,L10432
2851,L10433
2854,L10434
2855,L10435
2860,L10436
2861,L10437
2869,L10438
2870,L10439
2878,L10440
2889,L10441
2892,L10442
2898,L10443
2909,L10444
2921,L10445
2924,L10446
2926,L10447
2936,L10448
2938,L10449
2941,L10450
2942,L10451
2948,L10452
2954,L10453
2956,L10454
2960,L10455
2965,L10456
2966,L10457
2977,L10458
2991,L10459
3002,L10460
3005,L10461
3006,L10462
3007,L10463
3012,L10464
3021,L10465
3045,L10466
3046,L10467
3049,L10468
3053,L10469
3060,L10470
3063,L10471
3064,L10472
3067,L10473
3068,L10474
3076,L10475
3080,L10476
3089,L10477
3092,L10478
3094,L10479
3097,L10480
3107,L10481
3108,L10482
3113,L10483
3115,L10484
3122,L10485
3123,L10486
3132,L10487
3135,L10488
3138,L10489
3140,L10490
3145,L10491
3158,L10492
3159,L10493
3160,L10494
3174,L10495
3176,L10496
3181,L10497
3188,L10498
3192,L10499
3194,L10500
3208,L10501
3211,L10502
3223,L10503
3224,L10504
3231,L10505
3243,L10506
3247,L10507
3250,L10508
3253,L10509
3255,L10510
3257,L10511
3267,L10512
3269,L10513
3272,L10514
3274,L10515
3277,L10516
3280,L10517
3285,L10518
3290,L10519
3292,L10520
3293,L10521
3299,L10522
3300,L10523
3304,L10524
3305,L10525
3308,L10526
3315,L10527
3321,L10528
3327,L10529
3333,L10530
3335,L10531
3341,L10532
3346,L10533
3352,L10534
3360,L10535
3370,L10536
3371,L10537
3382,L10538
3384,L10539
3386,L10540
3393,L10541
3406,L10542
3409,L10543
3411,L10544
3414,L10545
3416,L10546
3422,L10547
3424,L10548
3426,L10549
3427,L10550
3429,L10551
3430,L10552
3431,L10553
3435,L10554
3446,L10555
3450,L10556
3459,L10557
3465,L10558
3466,L10559
3492,L10560
3493,L10561
3497,L10562
3500,L10563
3501,L10564
3505,L10565
3506,L10566
3507,L10567
3508,L10568
3509,L10569
3510,L10570
3514,L10571
3515,L10572
3518,L10573
3523,L10574
3524,L10575
3525,L10576
3529,L10577
3530,L10578
3539,L10579
3544,L10580
3550,L10581
3556,L10582
3569,L10583
3575,L10584
3577,L10585
3581,L10586
3588,L10587
3590,L10588
3591,L10589
3606,L10590
3608,L10591
3611,L10592
3612,L10593
3613,L10594
3617,L10595
3625,L10596
3632,L10597
3634,L10598
3641,L10599
3643,L10600
3651,L10601
3654,L10602
3660,L10603
3661,L10604
3669,L10605
3677,L10606
3681,L10607
3693,L10608
3703,L10609
3706,L10610
3717,L10611
3725,L10612
3726,L10613
3736,L10614
3744,L10615
3745,L10616
3747,L10617
3753,L10618
3762,L10619
3765,L10620
3781,L10621
3788,L10622
3791,L10623
3801,L10624
3804,L10625
3806,L10626
3807,L10627
3810,L10628
3815,L10629
3822,L10630
3824,L10631
3826,L10632
3827,L10633
3839,L10634
3850,L10635
3852,L10636
3854,L10637
3858,L10638
3859,L10639
3861,L10640
3862,L10641
3863,L10642
3866,L10643
3869,L10644
3870,L10645
3871,L10646
3875,L10647
3877,L10648
3878,L10649
3881,L10650
3884,L10651
3894,L10652
3901,L10653
3907,L10654
3912,L10655
3916,L10656
3917,L10657
3928,L10658
3929,L10659
3931,L10660
3933,L10661
3934,L10662
3935,L10663
3938,L10664
3954,L10665
3956,L10666
3958,L10667
3959,L10668
3960,L10669
3964,L10670
3968,L10671
3976,L10672
3983,L10673
3986,L10674
3990,L10675
3991,L10676
3999,L10677
4002,L10678
4004,L10679
4005,L10680
4009,L10681
4014,L10682
4024,L10683
4025,L10684
4030,L10685
4031,L10686
4036,L10687
4044,L10688
4049,L10689
4052,L10690
4055,L10691
4070,L10692
4073,L10693
4077,L10694
4083,L10695
4084,L10696
4086,L10697
4093,L10698
4094,L10699
4097,L10700
4099,L10701
4110,L10702
4113,L10703
4116,L10704
4117,L10705
4119,L10706
4127,L10707
4136,L10708
4141,L10709
4148,L10710
4150,L10711
4152,L10712
4153,L10713
4157,L10714
4163,L10715
4167,L10716
4168,L10717
4169,L10718
4170,L10719
4171,L10720
4173,L10721
4175,L10722
4189,L10723
4193,L10724
4197,L10725
4199,L10726
4201,L10727
4224,L10728
4231,L10729
4232,L10730
4234,L10731
4238,L10732
4244,L10733
4247,L10734
4248,L10735
4250,L10736
4253,L10737
4258,L10738
4262,L10739
4264,L10740
4265,L10741
4276,L10742
4279,L10743
4280,L10744
4283,L10745
4292,L10746
4293,L10747
4294,L10748
4295,L10749
4300,L10750
4302,L10751
4304,L10752
4309,L10753
4312,L10754
4314,L10755
4324,L10756
4328,L10757
4331,L10758
4335,L10759
4338,L10760
4339,L10761
4343,L10762
4346,L10763
4352,L10764
4353,L10765
4355,L10766
4357,L10767
4360,L10768
4363,L10769
4367,L10770
4373,L10771
4375,L10772
4376,L10773
4378,L10774
4382,L10775
4383,L10776
4386,L10777
4388,L10778
4391,L10779
4392,L10780
4405,L10781
4408,L10782
4421,L10783
4426,L10784
4427,L10785
4432,L10786
4440,L10787
4441,L10788
4444,L10789
4449,L10790
4454,L10791
4462,L10792
4464,L10793
4465,L10794
4469,L10795
4472,L10796
4475,L10797
4476,L10798
4477,L10799
4478,L10800
4480,L10801
4482,L10802
4483,L10803
4486,L10804
4490,L10805
4494,L10806
4500,L10807
4501,L10808
4504,L10809
4507,L10810
4508,L10811
4512,L10812
4521,L10813
4527,L10814
4533,L10815
4538,L10816
4552,L10817
4556,L10818
4558,L10819
4560,L10820
4562,L10821
4563,L10822
4564,L10823
4568,L10824
4569,L10825
4588,L10826
4591,L10827
4600,L10828
4601,L10829
4604,L10830
4605,L10831
4608,L10832
4610,L10833
4613,L10834
4614,L10835
4616,L10836
4620,L10837
4622,L10838
4624,L10839
4632,L10840
4637,L10841
4642,L10842
4644,L10843
4645,L10844
4647,L10845
4648,L10846
4650,L10847
4652,L10848
4653,L10849
4654,L10850
4667,L10851
4668,L10852
4679,L10853
4681,L10854
4682,L10855
4685,L10856
4688,L10857
4689,L10858
4691,L10859
4693,L10860
4696,L10861
4705,L10862
4710,L10863
4714,L10864
4715,L10865
4716,L10866
4717,L10867
4719,L10868
4733,L10869
4734,L10870
4735,L10871
4736,L10872
4737,L10873
4742,L10874
4747,L10875
4748,L10876
4754,L10877
4762,L10878
4767,L10879
4769,L10880
4770,L10881
4775,L10882
4778,L10883
4784,L10884
4790,L10885
4799,L10886
4800,L10887
4802,L10888
4804,L10889
4805,L10890
4818,L10891
4819,L10892
4821,L10893
4822,L10894
4825,L10895
4832,L10896
4834,L10897
4837,L10898
4843,L10899
4848,L10900
4861,L10901
4862,L10902
4865,L10903
4881,L10904
4886,L10905
4888,L10906
4895,L10907
4900,L10908
4909,L10909
4910,L10910
4911,L10911
4922,L10912
4926,L10913
4936,L10914
4941,L10915
4944,L10916
4945,L10917
4947,L10918
4948,L10919
4955,L10920
4962,L10921
4965,L10922
4969,L10923
4970,L10924
4972,L10925
4976,L10926
4978,L10927
4981,L10928
4983,L10929
4986,L10930
4989,L10931
4995,L10932
5002,L10933
5006,L10934
5007,L10935
5013,L10936
5018,L10937
5019,L10938
5021,L10939
5036,L10940
5037,L10941
5055,L10942
5058,L10943
5066,L10944
5070,L10945
5073,L10946
5080,L10947
5085,L10948
5087,L10949
5089,L10950
5091,L10951
5093,L10952
5094,L10953
5095,L10954
5102,L10955
5104,L10956
5106,L10957
5111,L10958
5113,L10959
5114,L10960
5119,L10961
5122,L10962
5128,L10963
5134,L10964
5135,L10965
5138,L10966
5141,L10967
5145,L10968
5148,L10969
5152,L10970
5158,L10971
5159,L10972
5162,L10973
5170,L10974
5171,L10975
5172,L10976
5174,L10977
5175,L10978
5188,L10979
5189,L10980
5190,L10981
5192,L10982
5199,L10983
5202,L10984
5211,L10985
5214,L10986
5215,L10987
5216,L10988
5217,L10989
5230,L10990
5238,L10991
5243,L10992
5247,L10993
5250,L10994
5251,L10995
5252,L10996
5254,L10997
5256,L10998
5264,L10999
5268,L11000
5275,L11001
5276,L11002
5280,L11003
5282,L11004
5284,L11005
5299,L11006
5301,L11007
5306,L11008
5308,L11009
5310,L11010
5314,L11011
5320,L11012
5323,L11013
5327,L11014
5329,L11015
5337,L11016
5344,L11017
5345,L11018
5351,L11019
5355,L11020
5363,L11021
5373,L11022
5374,L11023
5376,L11024
5377,L11025
5379,L11026
5380,L11027
5383,L11028
5385,L11029
5391,L11030
5394,L11031
5398,L11032
5400,L11033
5404,L11034
5405,L11035
5407,L11036
5414,L11037
5415,L11038
5418,L11039
5422,L11040
5424,L11041
5426,L11042
5429,L11043
5433,L11044
5452,L11045
5458,L11046
5461,L11047
5463,L11048
5467,L11049
5468,L11050
5469,L11051
5480,L11052
5482,L11053
5486,L11054
5487,L11055
5490,L11056
5491,L11057
5497,L11058
5501,L11059
5503,L11060
5506,L11061
5515,L11062
5516,L11063
5519,L11064
5523,L11065
5527,L11066
5528,L11067
5529,L11068
5532,L11069
5536,L11070
5539,L11071
5541,L11072
5547,L11073
5548,L11074
5549,L11075
5553,L11076
5556,L11077
5558,L11078
5560,L11079
5562,L11080
5567,L11081
5569,L11082
5572,L11083
5573,L11084
5574,L11085
5576,L11086
5581,L11087
5583,L11088
5606,L11089
5608,L11090
5615,L11091
5621,L11092
5684,L11093
5728,L11094
5731,L11095
5745,L11096
5753,L11097
5756,L11098
5786,L11099
5840,L11100
5863,L11101
5980,L11102
5992,L11103
6051,L11104
6062,L11105
6067,L11106
6176,L11107
6184,L11108
6185,L11109
6195,L11110
6199,L11111
6201,L11112
6203,L11113
6204,L11114
6213,L11115
6217,L11116
6221,L11117
6223,L11118
6225,L11119
6227,L11120
6229,L11121
6233,L11122
6280,L11123
6299,L11124
6300,L11125
6303,L11126
6304,L11127
6339,L11128
6340,L11129
6351,L11130
6353,L11131
6365,L11132
6394,L11133
6399,L11134
6405,L11135
6407,L11136
6408,L11137
6410,L11138
6411,L11139
6412,L11140
6420,L11141
6423,L11142
6425,L11143
6427,L11144
6429,L11145
6430,L11146
6431,L11147
6432,L11148
6433,L11149
6434,L11150
6435,L11151
6436,L11152
6438,L11153
6439,L11154
6440,L11155
6449,L11156
6453,L11157
6454,L11158
6455,L11159
6456,L11160
6457,L11161
6459,L11162
6461,L11163
6462,L11164
6465,L11165
6466,L11166
6467,L11167
6468,L11168
6469,L11169
6470,L11170
6472,L11171
6473,L11172
6475,L11173
6477,L11174
6478,L11175
6480,L11176
6481,L11177
6482,L11178
6483,L11179
6490,L11180
6492,L11181
6493,L11182
6494,L11183
6497,L11184
6499,L11185
6506,L11186
6508,L11187
6509,L11188
6511,L11189
6520,L11190
6521,L11191
6528,L11192
6530,L11193
6534,L11194
6537,L11195
6541,L11196
6544,L11197
6548,L11198
6549,L11199
6550,L11200
6552,L11201
6553,L11202
6556,L11203
6559,L11204
6561,L11205
6562,L11206
6564,L11207
6565,L11208
6575,L11209
6580,L11210
6584,L11211
6601,L11212
6613,L11213
6632,L11214
6633,L11215
6634,L11216
6649,L11217
6658,L11218
6667,L11219
6671,L11220
6673,L11221
6682,L11222
6686,L11223
6687,L11224
6690,L11225
6692,L11226
6694,L11227
6708,L11228
6715,L11229
6721,L11230
6723,L11231
6725,L11232
6730,L11233
6756,L11234
6762,L11235
6784,L11236
6785,L11237
6788,L11238
6794,L11239
6796,L11240
6799,L11241
6800,L11242
6804,L11243
6810,L11244
6811,L11245
6817,L11246
6820,L11247
6827,L11248
6830,L11249
6832,L11250
6835,L11251
6837,L11252
6838,L11253
6840,L11254
6841,L11255
6844,L11256
6845,L11257
6853,L11258
6857,L11259
6863,L11260
6866,L11261
6868,L11262
6871,L11263
6873,L11264
6876,L11265
6879,L11266
6887,L11267
6889,L11268
6890,L11269
6891,L11270
6892,L11271
6898,L11272
6899,L11273
6903,L11274
6907,L11275
6910,L11276
6918,L11277
6920,L11278
6922,L11279
6925,L11280
6930,L11281
6939,L11282
6944,L11283
6946,L11284
6949,L11285
6954,L11286
6955,L11287
6956,L11288
6957,L11289
6958,L11290
6959,L11291
6960,L11292
6961,L11293
6962,L11294
6963,L11295
6964,L11296
6965,L11297
6966,L11298
6968,L11299
6969,L11300
6970,L11301
6971,L11302
6972,L11303
6974,L11304
6976,L11305
6978,L11306
6979,L11307
6980,L11308
6981,L11309
6982,L11310
6983,L11311
6985,L11312
6986,L11313
6987,L11314
6988,L11315
6989,L11316
6990,L11317
6991,L11318
6992,L11319
6993,L11320
6994,L11321
6995,L11322
6996,L11323
6997,L11324
6998,L11325
6999,L11326
7000,L11327
7001,L11328
7002,L11329
7003,L11330
7004,L11331
7005,L11332
7006,L11333
7007,L11334
7008,L11335
7010,L11336
7011,L11337
7012,L11338
7013,L11339
7014,L11340
7015,L11341
7016,L11342
7017,L11343
7018,L11344
7019,L11345
7020,L11346
7021,L11347
7022,L11348
7023,L11349
7025,L11350
7026,L11351
7027,L11352
7028,L11353
7029,L11354
7031,L11355
7032,L11356
7034,L11357
7036,L11358
7037,L11359
7039,L11360
7040,L11361
7041,L11362
7042,L11363
7043,L11364
7044,L11365
7045,L11366
7048,L11367
7049,L11368
7050,L11369
7051,L11370
7061,L11371
7073,L11372
7075,L11373
7092,L11374
7093,L11375
7094,L11376
7100,L11377
7103,L11378
7104,L11379
7105,L11380
7110,L11381
7112,L11382
7114,L11383
7118,L11384
7119,L11385
7124,L11386
7125,L11387
7126,L11388
7127,L11389
7128,L11390
7129,L11391
7133,L11392
7135,L11393
7137,L11394
7145,L11395
7146,L11396
7148,L11397
7151,L11398
7153,L11399
7154,L11400
7155,L11401
7156,L11402
7157,L11403
7160,L11404
7161,L11405
7164,L11406
7168,L11407
7169,L11408
7171,L11409
7173,L11410
7175,L11411
7178,L11412
7189,L11413
7193,L11414
7195,L11415
7197,L11416
7200,L11417
7210,L11418
7229,L11419
7231,L11420
7235,L11421
7236,L11422
7237,L11423
7241,L11424
7243,L11425
7247,L11426
7255,L11427
7256,L11428
7258,L11429
7260,L11430
7261,L11431
7269,L11432
7274,L11433
7277,L11434
7279,L11435
7281,L11436
7283,L11437
7285,L11438
7291,L11439
7292,L11440
7295,L11441
7297,L11442
7298,L11443
7304,L11444
7307,L11445
7308,L11446
7312,L11447
7317,L11448
7318,L11449
7320,L11450
7334,L11451
7339,L11452
7342,L11453
7344,L11454
7351,L11455
7352,L11456
7353,L11457
7354,L11458
7364,L11459
7371,L11460
7381,L11461
7385,L11462
7386,L11463
7387,L11464
7388,L11465
7389,L11466
7390,L11467
7391,L11468
7392,L11469
7395,L11470
7396,L11471
7397,L11472
7398,L11473
7402,L11474
7405,L11475
7417,L11476
7425,L11477
7426,L11478
7427,L11479
7429,L11480
7437,L11481
7439,L11482
7441,L11483
7442,L11484
7443,L11485
7444,L11486
7445,L11487
7446,L11488
7449,L11489
7450,L11490
7451,L11491
7452,L11492
7454,L11493
7455,L11494
7456,L11495
7460,L11496
7461,L11497
7462,L11498
7463,L11499
7466,L11500
7469,L11501
7470,L11502
7471,L11503
7474,L11504
7475,L11505
7476,L11506
7478,L11507
7481,L11508
7482,L11509
7484,L11510
7485,L11511
7487,L11512
7490,L11513
7492,L11514
7494,L11515
7495,L11516
7497,L11517
7498,L11518
7499,L11519
7502,L11520
7503,L11521
7505,L11522
7506,L11523
7509,L11524
7510,L11525
7511,L11526
7512,L11527
7513,L11528
7514,L11529
7515,L11530
7518,L11531
7520,L11532
7528,L11533
7532,L11534
7539,L11535
7541,L11536
7545,L11537
7546,L11538
7548,L11539
7549,L11540
7550,L11541
7553,L11542
7555,L11543
7556,L11544
7557,L11545
7560,L11546
7561,L11547
7563,L11548
7564,L11549
7566,L11550
7568,L11551
7570,L11552
7576,L11553
7579,L11554
7581,L11555
7583,L11556
7585,L11557
7586,L11558
7588,L11559
7591,L11560
7592,L11561
7594,L11562
7596,L11563
7598,L11564
7601,L11565
7602,L11566
7603,L11567
7607,L11568
7608,L11569
7609,L11570
7610,L11571
7611,L11572
7614,L11573
7617,L11574
7618,L11575
7619,L11576
7620,L11577
7621,L11578
7623,L11579
7624,L11580
7625,L11581
7626,L11582
7627,L11583
7629,L11584
7630,L11585
7632,L11586
7635,L11587
7636,L11588
7638,L11589
7641,L11590
7644,L11591
7645,L11592
7647,L11593
7650,L11594
7651,L11595
7654,L11596
7655,L11597
7656,L11598
7657,L11599
7659,L11600
7661,L11601
7665,L11602
7668,L11603
7670,L11604
7673,L11605
7677,L11606
7678,L11607
7680,L11608
7681,L11609
7685,L11610
7686,L11611
7687,L11612
7689,L11613
7690,L11614
7691,L11615
7694,L11616
7697,L11617
7699,L11618
7700,L11619
7702,L11620
7703,L11621
7705,L11622
7706,L11623
7713,L11624
7714,L11625
7715,L11626
7716,L11627
7717,L11628
7718,L11629
7720,L11630
7722,L11631
7723,L11632
7724,L11633
7728,L11634
7729,L11635
7730,L11636
7731,L11637
7732,L11638
7739,L11639
7744,L11640
7745,L11641
7748,L11642
7751,L11643
7754,L11644
7755,L11645
7758,L11646
7764,L11647
7765,L11648
7766,L11649
7769,L11650
7770,L11651
7772,L11652
7774,L11653
7775,L11654
7777,L11655
7779,L11656
7780,L11657
7782,L11658
7783,L11659
7784,L11660
7786,L11661
7787,L11662
7789,L11663
7791,L11664
7793,L11665
7794,L11666
7795,L11667
7796,L11668
7797,L11669
7800,L11670
7802,L11671
7805,L11672
7808,L11673
7815,L11674
7817,L11675
7820,L11676
7821,L11677
7826,L11678
7828,L11679
7829,L11680
7830,L11681
7833,L11682
7837,L11683
7838,L11684
7841,L11685
7842,L11686
7844,L11687
7845,L11688
7846,L11689
7847,L11690
7848,L11691
7850,L11692
7861,L11693
7863,L11694
7868,L11695
7871,L11696
7872,L11697
7873,L11698
7875,L11699
7876,L11700
7880,L11701
7882,L11702
7883,L11703
7884,L11704
7885,L11705
7887,L11706
7888,L11707
7889,L11708
7891,L11709
7893,L11710
7894,L11711
7895,L11712
7898,L11713
7901,L11714
7902,L11715
7903,L11716
7906,L11717
7908,L11718
7909,L11719
7911,L11720
7912,L11721
7915,L11722
7916,L11723
7918,L11724
7919,L11725
7920,L11726
7922,L11727
7923,L11728
7926,L11729
7928,L11730
7929,L11731
7930,L11732
7933,L11733
7935,L11734
7936,L11735
7938,L11736
7939,L11737
7940,L11738
7941,L11739
7942,L11740
7947,L11741
7948,L11742
7949,L11743
7950,L11744
7951,L11745
7952,L11746
7953,L11747
7955,L11748
7956,L11749
7958,L11750
7960,L11751
7961,L11752
7962,L11753
7964,L11754
7965,L11755
7968,L11756
7969,L11757
7972,L11758
7973,L11759
7977,L11760
7980,L11761
7982,L11762
7983,L11763
7984,L11764
7985,L11765
7987,L11766
7988,L11767
7995,L11768
7996,L11769
8001,L11770
8003,L11771
8006,L11772
8007,L11773
8010,L11774
8011,L11775
8013,L11776
8014,L11777
8016,L11778
8020,L11779
8022,L11780
8024,L11781
8028,L11782
8029,L11783
8031,L11784
8034,L11785
8036,L11786
8038,L11787
8039,L11788
8041,L11789
8044,L11790
8045,L11791
8047,L11792
8051,L11793
8052,L11794
8053,L11795
8057,L11796
8059,L11797
8065,L11798
8069,L11799
8071,L11800
8072,L11801
8073,L11802
8074,L11803
8076,L11804
8078,L11805
8082,L11806
8087,L11807
8095,L11808
8100,L11809
8104,L11810
8109,L11811
8112,L11812
8119,L11813
8123,L11814
8124,L11815
8125,L11816
8126,L11817
8127,L11818
8129,L11819
8133,L11820
8135,L11821
8136,L11822
8140,L11823
8142,L11824
8143,L11825
8146,L11826
8147,L11827
8149,L11828
8150,L11829
8159,L11830
8160,L11831
8161,L11832
8164,L11833
8165,L11834
8166,L11835
8167,L11836
8168,L11837
8170,L11838
8171,L11839
8172,L11840
8173,L11841
8176,L11842
8180,L11843
8184,L11844
8185,L11845
8187,L11846
8189,L11847
8190,L11848
8194,L11849
8195,L11850
8196,L11851
8197,L11852
8198,L11853
8199,L11854
8201,L11855
8202,L11856
8205,L11857
8207,L11858
8209,L11859
8210,L11860
8211,L11861
8212,L11862
8215,L11863
8216,L11864
8217,L11865
8218,L11866
8222,L11867
8224,L11868
8225,L11869
8228,L11870
8229,L11871
8230,L11872
8231,L11873
8232,L11874
8234,L11875
8235,L11876
8237,L11877
8238,L11878
8240,L11879
8244,L11880
8248,L11881
8249,L11882
8250,L11883
8253,L11884
8254,L11885
8260,L11886
8271,L11887
8272,L11888
8274,L11889
8275,L11890
8277,L11891
8282,L11892
8283,L11893
8284,L11894
8286,L11895
8287,L11896
8288,L11897
8289,L11898
8291,L11899
8294,L11900
8300,L11901
8303,L11902
8304,L11903
8305,L11904
8308,L11905
8310,L11906
8311,L11907
8316,L11908
8318,L11909
8320,L11910
8321,L11911
8323,L11912
8328,L11913
8332,L11914
8333,L11915
8335,L11916
8336,L11917
8337,L11918
8338,L11919
8341,L11920
8342,L11921
8343,L11922
8344,L11923
8345,L11924
8347,L11925
8350,L11926
8351,L11927
8352,L11928
8353,L11929
8355,L11930
8356,L11931
8368,L11932
8369,L11933
8374,L11934
8376,L11935
8377,L11936
8378,L11937
8379,L11938
8381,L11939
8383,L11940
8384,L11941
8388,L11942
8390,L11943
8395,L11944
8398,L11945
8399,L11946
8401,L11947
8409,L11948
8411,L11949
8417,L11950
8420,L11951
8421,L11952
8426,L11953
8430,L11954
8432,L11955
8434,L11956
8435,L11957
8441,L11958
8442,L11959
8443,L11960
8447,L11961
8448,L11962
8449,L11963
8450,L11964
8453,L11965
8454,L11966
8455,L11967
8458,L11968
8459,L11969
8460,L11970
8462,L11971
8463,L11972
8464,L11973
8466,L11974
8467,L11975
8468,L11976
8469,L11977
8470,L11978
8473,L11979
8478,L11980
8479,L11981
8480,L11982
8485,L11983
8488,L11984
8491,L11985
8495,L11986
8497,L11987
8499,L11988
8501,L11989
8502,L11990
8504,L11991
8505,L11992
8508,L11993
8509,L11994
8511,L11995
8512,L11996
8515,L11997
8516,L11998
8518,L11999
8519,L12000
8520,L12001
8521,L12002
8524,L12003
8525,L12004
8528,L12005
8529,L12006
8530,L12007
8531,L12008
8809,L12009
9050,L12010
9249,L12011
9298,L12012
9311,L12013
9319,L12014
9389,L12015
9442,L12016
9777,L12017
9796,L12018
9971,L12019
10239,L12020
10242,L12021
10331,L12022
10423,L12023
10518,L12024
10531,L12025
10725,L12026
10791,L12027
10902,L12028
11041,L12029
11148,L12030
11264,L12031
11307,L12032
11530,L12033
11570,L12034
11685,L12035
11889,L12036
12037,L12037
12282,L12038
12291,L12039
12369,L12040
12791,L12041
13270,L12042
13290,L12043
13337,L12044
13493,L12045
14335,L12046
14338,L12047
14516,L12048
14606,L12049
14618,L12050
14849,L12051
15091,L12052
15414,L12053
15496,L12054
15616,L12055
15635,L12056
15825,L12057
15885,L12058
16120,L12059
16364,L12060
16365,L12061
16368,L12062
16405,L12063
16410,L12064
16523,L12065
16779,L12066
16815,L12067
16827,L12068
16850,L12069
17379,L12070
17394,L12071
17681,L12072
17871,L12073
17878,L12074
18023,L12075
18232,L12076
18242,L12077
18340,L12078
18348,L12079
18421,L12080
18426,L12081
18430,L12082
18458,L12083
18461,L12084
18468,L12085
18558,L12086
18762,L12087
18968,L12088
18995,L12089
19071,L12090
19511,L12091
19834,L12092
19836,L12093
20565,L12094
20641,L12095
20702,L12096
20776,L12097
20870,L12098
21060,L12099
21116,L12100
21595,L12101
21711,L12102
21712,L12103
21715,L12104
21721,L12105
21864,L12106
21950,L12107
22784,L12108
23015,L12109
23069,L12110
23075,L12111
23185,L12112
23201,L12113
23212,L12114
23337,L12115
23347,L12116
23773,L12117
23837,L12118
23966,L12119
24028,L12120
24159,L12121
24367,L12122
24871,L12123
24926,L12124
25331,L12125
25348,L12126
25360,L12127
25361,L12128
25669,L12129
25930,L12130
25937,L12131
25980,L12132
25998,L12133
26412,L12134
26718,L12135
26919,L12136
26953,L12137
26969,L12138
27014,L12139
27054,L12140
27085,L12141
27265,L12142
27272,L12143
27475,L12144
27710,L12145
27741,L12146
27920,L12147
28018,L12148
28157,L12149
28433,L12150
28665,L12151
28769,L12152
28894,L12153
29274,L12154
30021,L12155
30024,L12156
30053,L12157
30070,L12158
30090,L12159
30101,L12160
30339,L12161
30341,L12162
30353,L12163
30496,L12164
30505,L12165
30807,L12166
30871,L12167
30890,L12168
31086,L12169
31102,L12170
31111,L12171
31169,L12172
31315,L12173
31567,L12174
32195,L12175
32443,L12176
32446,L12177
32449,L12178
32470,L12179
32587,L12180
32592,L12181
32617,L12182
32638,L12183
32733,L12184
33147,L12185
33441,L12186
33602,L12187
33613,L12188
33660,L12189
33907,L12190
33921,L12191
33983,L12192
34487,L12193
34663,L12194
34749,L12195
34956,L12196
35115,L12197
35220,L12198
35414,L12199
35439,L12200
35528,L12201
35541,L12202
35686,L12203
35725,L12204
35744,L12205
35800,L12206
35808,L12207
36009,L12208
36032,L12209
36205,L12210
36291,L12211
36352,L12212
36810,L12213
36870,L12214
37104,L12215
37109,L12216
37120,L12217
37142,L12218
37143,L12219
37377,L12220
37659,L12221
37669,L12222
37680,L12223
37886,L12224
38396,L12225
38400,L12226
38413,L12227
38427,L12228
38456,L12229
38457,L12230
38498,L12231
38513,L12232
38700,L12233
38846,L12234
38918,L12235
39261,L12236
39487,L12237
39489,L12238
39501,L12239
39765,L12240
39916,L12241
40062,L12242
40534,L12243
40554,L12244
40560,L12245
40610,L12246
40741,L12247
41043,L12248
41123,L12249
41408,L12250
41647,L12251
41653,L12252
41684,L12253
41768,L12254
42145,L12255
42204,L12256
42221,L12257
42671,L12258
42729,L12259
42761,L12260
42790,L12261
42799,L12262
42833,L12263
43170,L12264
43193,L12265
43235,L12266
43531,L12267
43653,L12268
43704,L12269
43705,L12270
43767,L12271
44028,L12272
44522,L12273
44536,L12274
44560,L12275
45225,L12276
45270,L12277
45308,L12278
45695,L12279
45837,L12280
46053,L12281
46081,L12282
46100,L12283
46102,L12284
46230,L12285
46268,L12286
46577,L12287
46782,L12288
46802,L12289
46877,L12290
47021,L12291
47359,L12292
47857,L12293
47907,L12294
48016,L12295
48175,L12296
48365,L12297
48369,L12298
48621,L12299
48646,L12300
48885,L12301
49408,L12302
49699,L12303
49820,L12304
49938,L12305
49952,L12306
50236,L12307
50409,L12308
50418,L12309
50430,L12310
50442,L12311
50464,L12312
50580,L12313
50757,L12314
51269,L12315
51513,L12316
52056,L12317
52069,L12318
52107,L12319
52157,L12320
52211,L12321
52908,L12322
53060,L12323
53405,L12324
53440,L12325
53565,L12326
53627,L12327
54074,L12328
54139,L12329
54148,L12330
54198,L12331
54219,L12332
54240,L12333
54251,L12334
54261,L12335
54335,L12336
54340,L12337
54459,L12338
54960,L12339
55117,L12340
55118,L12341
55346,L12342
55522,L12343
55528,L12344
55532,L12345
55599,L12346
55886,L12347
55910,L12348
55927,L12349
55936,L12350
56146,L12351
56155,L12352
56427,L12353
56600,L12354
56805,L12355
57190,L12356
57194,L12357
57242,L12358
57259,L12359
57276,L12360
57306,L12361
57328,L12362
57681,L12363
57685,L12364
57689,L12365
57998,L12366
58281,L12367
58495,L12368
58519,L12369
58648,L12370
58703,L12371
58764,L12372
58773,L12373
59014,L12374
59049,L12375
59193,L12376
59304,L12377
59342,L12378
59349,L12379
59370,L12380
59590,L12381
59717,L12382
59728,L12383
59748,L12384
59904,L12385
60011,L12386
60226,L12387
60266,L12388
60697,L12389
60737,L12390
60740,L12391
60759,L12392
61198,L12393
61199,L12394
61358,L12395
61388,L12396
61579,L12397
61751,L12398
62330,L12399
62344,L12400
62381,L12401
62425,L12402
62629,L12403
62796,L12404
63164,L12405
63474,L12406
63692,L12407
63894,L12408
63895,L12409
63912,L12410
64437,L12411
64457,L12412
64551,L12413
64592,L12414
64781,L12415
64791,L12416
65280,L12417
65421,L12418
65482,L12419
65497,L12420
65570,L12421
65694,L12422
65745,L12423
65802,L12424
65941,L12425
65943,L12426
65963,L12427
66391,L12428
66406,L12429
66421,L12430
66535,L12431
66976,L12432
67271,L12433
67557,L12434
67615,L12435
67715,L12436
67777,L12437
67847,L12438
68013,L12439
68331,L12440
68704,L12441
68823,L12442
68958,L12443
69015,L12444
69020,L12445
69333,L12446
69345,L12447
69489,L12448
69532,L12449
69534,L12450
69878,L12451
69882,L12452
69891,L12453
70351,L12454
70578,L12455
70584,L12456
70604,L12457
70643,L12458
70715,L12459
70739,L12460
70855,L12461
70859,L12462
71277,L12463
71584,L12464
71592,L12465
71790,L12466
72025,L12467
72123,L12468
72519,L12469
72614,L12470
72881,L12471
73407,L12472
73633,L12473
73671,L12474
74452,L12475
74462,L12476
74713,L12477
74719,L12478
74850,L12479
74896,L12480
75009,L12481
75010,L12482
75026,L12483
75223,L12484
75275,L12485
75549,L12486
75592,L12487
75694,L12488
75792,L12489
75969,L12490
76061,L12491
76073,L12492
76078,L12493
76191,L12494
76212,L12495
76244,L12496
76283,L12497
76714,L12498
76798,L12499
77118,L12500
77121,L12501
77280,L12502
77311,L12503
77315,L12504
77393,L12505
77649,L12506
77787,L12507
77861,L12508
77874,L12509
77877,L12510
77924,L12511
78062,L12512
78099,L12513
78395,L12514
78407,L12515
78420,L12516
78421,L12517
78762,L12518
79019,L12519
79021,L12520
79022,L12521
79164,L12522
79249,L12523
79250,L12524
79412,L12525
79419,L12526
79488,L12527
79503,L12528
79633,L12529
79979,L12530
79981,L12531
79983,L12532
79999,L12533
80124,L12534
80300,L12535
80301,L12536
80553,L12537
80564,L12538
80752,L12539
81032,L12540
81143,L12541
81320,L12542
81452,L12543
81556,L12544
81816,L12545
81868,L12546
82074,L12547
82081,L12548
82349,L12549
82387,L12550
82517,L12551
82556,L12552
83055,L12553
83115,L12554
83193,L12555
83339,L12556
83464,L12557
83670,L12558
83992,L12559
84137,L12560
84234,L12561
84250,L12562
84402,L12563
84422,L12564
85117,L12565
85231,L12566
85683,L12567
85792,L12568
86303,L12569
86349,L12570
86564,L12571
86748,L12572
87117,L12573
87317,L12574
87650,L12575
88149,L12576
88299,L12577
88340,L12578
88483,L12579
88487,L12580
88720,L12581
88845,L12582
88857,L12583
88890,L12584
88965,L12585
89067,L12586
89200,L12587
89314,L12588
89507,L12589
89675,L12590
89756,L12591
90264,L12592
90467,L12593
90475,L12594
90761,L12595
90878,L12596
91280,L12597
91454,L12598
91505,L12599
91663,L12600
91948,L12601
92485,L12602
92523,L12603
92525,L12604
92561,L12605
92707,L12606
92796,L12607
92799,L12608
92839,L12609
93011,L12610
93068,L12611
93197,L12612
93443,L12613
93620,L12614
93806,L12615
93854,L12616
93981,L12617
94023,L12618
94028,L12619
94052,L12620
94053,L12621
95588,L12622
95650,L12623
95774,L12624
95784,L12625
96015,L12626
96040,L12627
96055,L12628
96361,L12629
96514,L12630
96612,L12631
96686,L12632
96694,L12633
96874,L12634
96888,L12635
96892,L12636
97060,L12637
97066,L12638
97075,L12639
97399,L12640
97593,L12641
97651,L12642
97708,L12643
97872,L12644
97891,L12645
97934,L12646
97956,L12647
98082,L12648
98150,L12649
98668,L12650
99143,L12651
99169,L12652
99638,L12653
99816,L12654
100139,L12655
100651,L12656
100675,L12657
100718,L12658
100953,L12659
100964,L12660
101243,L12661
101661,L12662
101682,L12663
101699,L12664
101772,L12665
101782,L12666
101893,L12667
102115,L12668
102295,L12669
102510,L12670
102711,L12671
102889,L12672
102952,L12673
103166,L12674
103240,L12675
103462,L12676
103496,L12677
103647,L12678
103722,L12679
103733,L12680
103751,L12681
103754,L12682
103918,L12683
104043,L12684
104174,L12685
104561,L12686
104672,L12687
104831,L12688
105013,L12689
105263,L12690
105615,L12691
105650,L12692
105870,L12693
106030,L12694
106038,L12695
106137,L12696
106339,L12697
106749,L12698
106783,L12699
106834,L12700
106853,L12701
106857,L12702
106907,L12703
106946,L12704
107336,L12705
107503,L12706
107627,L12707
107648,L12708
107810,L12709
107839,L12710
107850,L12711
108016,L12712
108136,L12713
108313,L12714
108320,L12715
108793,L12716
108911,L12717
109230,L12718
109899,L12719
109925,L12720
110179,L12721
110200,L12722
110206,L12723
110213,L12724
110361,L12725
110424,L12726
110441,L12727
110940,L12728
110982,L12729
111074,L12730
111396,L12731
111447,L12732
111991,L12733
112334,L12734
112336,L12735
112498,L12736
112538,L12737
112543,L12738
112799,L12739
113045,L12740
113136,L12741
113296,L12742
113417,L12743
113702,L12744
113778,L12745
113819,L12746
113994,L12747
114040,L12748
114283,L12749
114449,L12750
114488,L12751
114924,L12752
114926,L12753
115132,L12754
115574,L12755
115872,L12756
116151,L12757
116154,L12758
116191,L12759
116194,L12760
116195,L12761
116234,L12762
116445,L12763
116911,L12764
116913,L12765
116950,L12766
117148,L12767
117170,L12768
117225,L12769
117329,L12770
117413,L12771
117417,L12772
117429,L12773
117696,L12774
118080,L12775
118166,L12776
118204,L12777
118205,L12778
118258,L12779
118296,L12780
118525,L12781
118706,L12782
118765,L12783
118786,L12784
119044,L12785
119153,L12786
119315,L12787
119361,L12788
119574,L12789
119767,L12790
120252,L12791
120319,L12792
120325,L12793
120342,L12794
120352,L12795
120368,L12796
120456,L12797
120560,L12798
120636,L12799
120824,L12800
121398,L12801
121468,L12802
121583,L12803
121869,L12804
122207,L12805
122242,L12806
122351,L12807
122446,L12808
122514,L12809
122517,L12810
122534,L12811
122875,L12812
122952,L12813
123470,L12814
123501,L12815
123518,L12816
123519,L12817
123615,L12818
123621,L12819
123773,L12820
123804,L12821
124012,L12822
124017,L12823
124029,L12824
124451,L12825
124512,L12826
124520,L12827
124548,L12828
124564,L12829
124607,L12830
125082,L12831
125087,L12832
125401,L12833
125887,L12834
125901,L12835
126658,L12836
126778,L12837
126841,L12838
126926,L12839
127375,L12840
127573,L12841
127616,L12842
127640,L12843
127708,L12844
128323,L12845
128408,L12846
128425,L12847
128478,L12848
128798,L12849
128893,L12850
128986,L12851
130003,L12852
130353,L12853
130488,L12854
130544,L12855
130716,L12856
131019,L12857
131078,L12858
131580,L12859
131637,L12860
131657,L12861
131768,L12862
131777,L12863
131790,L12864
131847,L12865
132003,L12866
132081,L12867
132776,L12868
133041,L12869
133046,L12870
133716,L12871
133931,L12872
134097,L12873
134198,L12874
134394,L12875
134664,L12876
134714,L12877
134864,L12878
134885,L12879
134979,L12880
135005,L12881
135134,L12882
135681,L12883
135718,L12884
135766,L12885
136008,L12886
136194,L12887
136231,L12888
136253,L12889
136271,L12890
136629,L12891
136699,L12892
136847,L12893
137126,L12894
137277,L12895
137752,L12896
137756,L12897
137783,L12898
138062,L12899
138137,L12900
138250,L12901
138988,L12902
139057,L12903
139153,L12904
139178,L12905
139249,L12906
139339,L12907
139759,L12908
139768,L12909
140000,L12910
140013,L12911
140238,L12912
140411,L12913
140866,L12914
