Lat,Lon,lagoslakeid,nhd_lat,nhd_long,elevation_m,sampleyear,samplemonth,chla,tn,tp,doc,secchi,meandepth,maxdepth,LakeID
39.52,-91.84,6072,39.51673,-91.835996,184.6970062,2006,7,27.8,660,36,NA,1,NA,NA,L1374
41.34,-72.49,68485,41.340003,-72.488615,53.93500137,1990,8,5.6,NA,2,NA,1.6,NA,4.6,L2135
41.43,-94.78,4606,41.425771,-94.776201,389.4853821,2001,6,30.11,1539.8,37.26,NA,1.3,3.77,8.53,L2210
41.49,-73.35,6902,41.488742,-73.345531,60.06599808,2000,6,1.2,NA,NA,NA,NA,NA,27.4,L2220
41.67,-87.53,6450,41.665245,-87.53307,177.5930023,2006,5,2.42,NA,11,NA,1.2192,2.1031,5.4864,L2377
41.75,-70.91,2212,41.745765,-70.911956,12.52999973,2000,7,4.1,NA,70,NA,1.05,NA,2.8,L2429
41.88,-70.71,1579,41.876637,-70.707644,29.71999931,2000,7,8.7,NA,11,NA,2.3,NA,3,L2525
41.96,-74.24,115040,41.962192,-74.241976,179.5769958,1989,5,9.36,NA,25,NA,1.5,16.7,32.9,L2611
42.2,-71.91,3872,42.197987,-71.907733,213.8200073,1999,8,17,NA,35,NA,2.2,NA,4.3,L2757
42.56,-71.68,406,42.555909,-71.68478,90.26200104,2003,9,13.4,NA,NA,NA,3.8,NA,NA,L2973
42.82,-75.01,7090,42.815729,-75.006448,385.4620056,1989,7,5.66,NA,12,NA,2.82,NA,16.8,L3113
43.07,-89.36,4559,43.068029,-89.360153,256.9979858,2005,6,85.4,NA,134,NA,1.4478,8.2,22.5,L3207
43.12,-76.48,6747,43.124705,-76.480529,113.534996,1988,7,56.2,NA,34,NA,1.25,NA,NA,L3230
43.29,-89.66,3204,43.29047,-89.664094,260.2479858,2013,7,210,NA,327,NA,0.19,NA,1.524,L3310
43.38,-72.06,5895,43.378543,-72.055511,332.8919983,1986,8,0.3,NA,2,NA,NA,11.6,33.7,L3366
43.52,-70.86,8247,43.521588,-70.862985,145.5299988,1977,9,3.3,NA,2,NA,8.7,5.1816,29.8704,L3432
44.14,-69.49,7726,44.139159,-69.491527,16.29199982,1979,9,3.9,NA,10,NA,5.3,9.144,34.7472,L3798
44.17,-70.1,7575,44.169836,-70.095874,74.50999451,1977,8,30.6,NA,63,NA,1.2,4.2672,5.7912,L3800
44.31,-69.94,7834,44.307147,-69.942965,52.19700241,1977,9,5.6,NA,5,NA,9.1,7.62,16.4592,L3923
44.29,-69.38,8456,44.290714,-69.375771,97.88847351,1979,9,2.1,NA,8,NA,7,4.8768,10.9728,L3925
44.32,-70.09,8483,44.32274,-70.088936,81.86100006,1977,9,12.8,NA,NA,NA,NA,4.8768,11.5824,L3959
44.33,-69.66,7664,44.325325,-69.659651,55.56027603,1977,8,3.3,NA,11,NA,5,6.096,14.9352,L3960
44.33,-68.26,1023,44.331243,-68.255282,82.66000366,1981,9,0.6,NA,3,NA,14.5,25.6032,45.72,L3977
44.38,-69.97,7467,44.381134,-69.968616,65.32700348,1978,6,2.4,NA,NA,NA,5.7,9.144,39.0144,L3987
44.44,-69.56,8339,44.437421,-69.558172,59.48400116,1978,8,2.9,NA,NA,NA,5.6,8.5344,25.908,L4067
44.43,-70.02,7631,44.433441,-70.023638,96.75800323,1979,9,1.9,NA,4,NA,5.8,6.4008,35.6616,L4076
44.48,-69.78,8506,44.483111,-69.783413,71.10800171,1977,9,2.5,NA,NA,NA,5.5,10.0584,34.4424,L4103
44.54,-69.78,8322,44.540447,-69.775108,84.2440033,1977,8,2.3,NA,19,NA,5.3,7.0104,17.3736,L4127
44.53,-69.86,7811,44.526997,-69.864218,75.40399933,1980,9,3.5,NA,NA,NA,NA,10.668,32.3088,L4131
44.6,-68.56,7862,44.59774,-68.555739,73.00899506,1981,8,2.2,NA,6,NA,7,11.8872,37.7952,L4167
44.62,-69.84,7733,44.623426,-69.84337,77.2338028,1978,8,2.7,NA,NA,NA,4.3,3.9624,6.096,L4189
44.64,-68.49,7860,44.643596,-68.493533,48.61000061,1981,8,1.7,NA,4,NA,6.9,13.4112,51.816,L4201
44.93,-70.8,8023,44.927042,-70.799637,445.7960205,1982,8,2.1,NA,4,NA,7.4,18.288,40.2336,L4506
44.95,-70.69,8475,44.947214,-70.693328,462.5639954,1982,8,2.9,NA,6,NA,6.8,18.288,45.4152,L4551
44.95,-67.41,8138,44.94929,-67.409478,65.3259964,1979,9,2.6,NA,4,NA,7.2,7.3152,22.86,L4555
45.1,-70.72,7910,45.096964,-70.724434,542.1159668,1982,8,2.1,NA,5,NA,6,20.7264,35.3568,L4793
45.81,-89.75,2683,45.808363,-89.746034,480.0769958,1995,5,4.94,NA,10,NA,3.6576,NA,10.9728,L5621
45.86,-89.66,4390,45.858189,-89.663449,482.8169861,2003,8,2.83,NA,31,NA,2.4384,1.8288,3.6576,L5687
46.02,-89.91,3399,46.018057,-89.912361,488.0180054,1998,7,1.9,NA,NA,NA,NA,NA,6.7056,L5909
46.04,-89.67,4664,46.043693,-89.673305,491.6529846,2006,6,1.309,236.55,9.51,NA,4.71,14.9352,35.7,L5927
46.04,-89.63,4625,46.036814,-89.629758,494.0909729,2002,6,4.64,326,15,4.23,3.55,3.048,8,L5944
46.06,-89.85,4982,46.06466,-89.853019,490.7449951,1998,8,5.9,NA,NA,NA,NA,7.62,29.8704,L5974
46.06,-89.52,4021,46.064007,-89.522846,514.5109863,1999,10,6,NA,11,NA,3.9624,NA,8.2296,L5975
46.07,-89.8,5043,46.065212,-89.798036,488.0050049,1998,6,4.6,NA,NA,NA,NA,3.3528,7.9248,L5976
46.08,-89.51,32738,46.079843,-89.506275,505.67099,1998,7,2.2,NA,NA,NA,NA,2.7432,5.7912,L5986
46.1,-89.55,1384,46.098099,-89.551457,499.5809631,1998,7,5.4,NA,NA,NA,NA,NA,1.524,L6005
46.14,-89.55,1543,46.137669,-89.553216,500.4960022,1998,5,7.2,NA,NA,NA,NA,NA,4.572,L6046
46.18,-89.69,4075,46.182921,-89.692217,509.3000183,1998,7,2.9,NA,NA,NA,NA,NA,12.8016,L6108
46.2,-89.67,5538,46.199177,-89.672785,517.9000244,2002,5,1.46,NA,NA,5.94,NA,5.4864,14.6304,L6128
46.21,-89.79,3050,46.205134,-89.791795,500.1839905,2003,6,1.3,213,7,3.91,7,NA,18.288,L6136
47.02,-68.21,8319,47.024242,-68.21115,175.7229919,1980,8,7.4,NA,12,NA,4.6,4.8768,11.5824,L6997
48.53,-92.77,2814,48.525493,-92.770549,342.3380127,1991,9,2.5,486,NA,9.03,NA,NA,5.03,L7786
41.86,-71.9,9419,41.858469,-71.901303,76.2539978,1974,7,0.6,340,6,NA,6.3,NA,14.6,L8491
41.55,-72.23,123502,41.554306,-72.227883,133.8289948,1990,8,4,NA,11,NA,2,NA,2.7,L8495
41.48,-71.95,11222,41.484876,-71.946614,77.43600464,1989,9,1.2,NA,7,NA,NA,NA,3,L8497
41.54,-73.15,108867,41.535719,-73.153155,211.5670013,1974,6,3.2,480,9,NA,6.8,NA,19.8,L8510
39.61,-89.48,6967,39.60942,-89.475396,178.2059937,2000,8,45.5,NA,NA,NA,NA,4.572,12.192,L8577
43.39,-95.13,4686,43.389207,-95.133096,425.9179688,2001,6,1.96,1029,76.03,NA,7,11.48,39.62,L9069
44.47,-84.72,1362,44.471349,-84.72248,351.6608887,1999,5,1,NA,NA,NA,11.2776,NA,41.148,L9158
36.66,-93.2,6227,36.661942,-93.196415,213.2255096,1992,4,18.8,560,43,NA,1.07,NA,NA,
37.16,-90.79,6299,37.161005,-90.786942,150.605011,1994,4,14,630,28,NA,1.68,NA,9.14,
39.08,-92.31,93443,39.076297,-92.305464,218.5005188,1989,5,4,720,25,NA,1,NA,4.6,
39.15,-91.89,6184,39.154463,-91.89305,241.4039917,2003,6,137,1800,68,NA,0.33,NA,NA,
39.19,-92.21,6217,39.1925,-92.207744,250.525238,2000,6,7.4,0,0,NA,1.6,NA,7.7,
39.24,-89.85,6994,39.242611,-89.852083,173.0019989,2002,6,50.4,NA,220,NA,0.2032,2.4994,4.572,
39.31,-92.52,6223,39.306367,-92.518623,264.2810059,1992,6,1.3,970,22,NA,1.83,NA,NA,
39.37,-90.05,7398,39.369031,-90.053872,172.8670044,2000,10,126,NA,159,NA,0.2032,3.048,5.4864,
39.42,-89.9,7042,39.419698,-89.903259,188.8539886,2000,10,29.2,NA,189,NA,0.6096,6.0046,15.24,
39.44,-89.96,7041,39.443928,-89.962997,195.5539856,2004,4,2.07,NA,105,NA,0.9144,4.572,10.668,
39.46,-87.2,1569,39.457643,-87.196839,203.8040161,2001,8,0.12,NA,23,NA,6.9,NA,18,
39.46,-87.2,2942,39.460544,-87.195679,202.3730621,2001,8,0.12,NA,16,NA,5.1,NA,15.8,
39.61,-90.01,7012,39.605053,-90.013487,189.8739929,2003,8,127,NA,158,NA,0.3048,1.9812,3.6576,
39.67,-90.2,7010,39.670156,-90.195176,195.8789978,2005,4,31.5,NA,16,NA,0.5588,3.9014,10.9728,
39.71,-89.63,6966,39.714105,-89.627602,170.2740021,2002,8,180,NA,259,NA,0.381,3.81,8.8392,
39.98,-75.58,6918,39.984246,-75.578617,125.8275375,2001,5,10,2240,20,NA,1.8,NA,NA,
40,-91.5,56805,40.004511,-91.504034,142.6907806,1978,7,40.9,NA,78,NA,0.5,NA,NA,
40,-75.86,7094,40.002897,-75.857136,147.1604919,2001,5,2.5,3200,20,NA,4,NA,NA,
40.07,-75.72,7157,40.070203,-75.722512,109.194603,2001,6,300,760,14,NA,6,NA,2.4384,
40.12,-88.92,6988,40.121362,-88.923493,210.5429993,2006,5,126,NA,59,NA,0.6858,3.1394,8.5344,
40.17,-87.64,7003,40.17496,-87.643106,176.4359894,2001,4,25.8,NA,91,NA,NA,2.7737,6.6446,
40.43,-91.16,6993,40.425608,-91.155106,193.5039978,2006,4,7.11,NA,49,NA,0.4572,2.6213,5.7912,
40.45,-92.21,107503,40.446367,-92.205002,219.1380005,1989,6,24,1130,70,NA,0.6,NA,8.6,
40.46,-90.79,6992,40.455632,-90.790956,186.1599884,2005,5,31.6,NA,18,NA,0.5588,5.334,11.5824,
40.51,-90.73,6991,40.509111,-90.733611,199.2789917,2003,6,125,NA,99,NA,0.3048,3.1699,8.5344,
40.57,-78.77,6811,40.56963,-78.7748,561.4797363,2001,5,5,3390,10,NA,2.3,NA,NA,
40.63,-91.75,4624,40.629096,-91.752853,167.0299988,2001,5,1.82,626.4,59.01,NA,3,1.58,2.44,
40.71,-94.69,4799,40.714199,-94.691178,348.3503723,2001,6,29.1,1919.5,111.11,NA,0.7,2.52,4.88,
40.71,-93.4,4886,40.710152,-93.398892,318.7790222,2001,5,5.7,5496.7,447.45,NA,0.1,1.64,4.27,
40.71,-91.97,5314,40.708892,-91.970986,191.1100006,2001,5,3.62,663.7,190.87,NA,0.45,3.56,8.53,
40.71,-91.44,4478,40.713259,-91.437856,213.3600006,2001,5,5.85,840.8,47.37,NA,1.6,3.71,9.14,
40.77,-93.78,4652,40.774466,-93.778273,313.0455017,2001,5,5.75,1539.9,94.65,NA,1,4.36,12.19,
40.77,-73.02,56155,40.771634,-73.021642,3.378999949,1999,6,2.1,NA,NA,NA,1.6,NA,NA,
40.79,-73.02,7291,40.788099,-73.021167,6.979000092,1990,7,3.72,NA,25,NA,1.25,0.9,1.65,
40.82,-92.58,4632,40.815148,-92.582841,240.2053986,2001,5,5.58,704.6,90.92,NA,1.45,3.94,10.36,
40.83,-73.12,36291,40.827474,-73.122709,16.47900009,1999,9,17.9,NA,300,NA,NA,NA,19.8,
40.84,-72.92,108911,40.835857,-72.923793,8.784000397,2010,9,16,NA,NA,NA,2.1,NA,2.1,
40.88,-72.93,102711,40.88353,-72.931824,13.99900055,2009,6,3.7,NA,NA,NA,1.4,NA,3,
40.92,-72.41,6405,40.918171,-72.408429,2.420000076,1989,7,1.79,NA,15,NA,1.23,3,6.4,
40.94,-78.55,6649,40.937716,-78.552434,354.6032104,1999,4,5.3,910,22,NA,2.4,NA,NA,
40.95,-78.91,7235,40.949555,-78.909263,417.5303955,1999,4,8,2700,32,NA,0.9,NA,NA,
40.98,-72.56,66535,40.978966,-72.557285,1.513000011,1999,6,0.8,NA,NA,NA,3,NA,13,
40.99,-72.52,73671,40.993122,-72.524027,0.612999976,1999,6,26.4,NA,400,NA,0.9,NA,NA,
41,-93.27,4962,40.996927,-93.273557,297.4299622,2001,5,6.41,637,37.75,NA,0.9,4.44,12.19,
41.01,-92.43,5487,41.011625,-92.426439,192.0370026,2001,5,116.91,2814.4,392.93,NA,0.35,1.7,3.66,
41.03,-93.74,4440,41.033908,-93.742989,320.7016296,2001,5,15.23,2435.9,369.59,NA,0.4,2.13,3.96,
41.04,-93.81,4653,41.035373,-93.814809,326.9356079,2001,6,27.66,2496.5,183.23,NA,1.5,4.29,9.75,
41.04,-71.95,106857,41.039094,-71.952435,0.611999989,1999,6,6.4,NA,NA,NA,1.3,NA,NA,
41.06,-72.34,79021,41.057106,-72.336327,0.914000034,2009,7,12.3,NA,NA,NA,2.3,NA,13.1,
41.07,-75.17,77924,41.067802,-75.16607,271.3024597,1986,9,3.62,NA,NA,NA,NA,4.3,11.3,
41.08,-71.91,100675,41.07804,-71.910069,0.611999989,2003,6,10.6,NA,NA,NA,1.4,NA,NA,
41.09,-93.21,4312,41.093544,-93.214432,286.8187561,2002,6,5.19,4328.3,175,NA,0.45,2.48,5.49,
41.19,-91.9,4936,41.19476,-91.896266,200.2276001,2001,7,27.78,3772,109.82,NA,1,2.71,7.32,
41.28,-93.59,5541,41.275271,-93.588589,268.2624207,2001,5,0.67,2389.6,164.27,NA,0.75,2.6,5.8,
41.28,-80.18,7417,41.281537,-80.183132,359.0367737,1997,4,20,1560,26,NA,1.5,3.4839,NA,
41.29,-92.54,5175,41.291019,-92.541016,226.4700012,2001,5,4.59,1624.1,45.38,NA,2,3.07,6.71,
41.29,-75.24,42761,41.293123,-75.237541,520.4216309,1986,9,4.49,NA,NA,NA,NA,1.1,4,
41.33,-72.2,120319,41.328001,-72.198216,1.215999961,1979,8,2,400,12,NA,4,NA,14.6,
41.36,-76.32,88483,41.356295,-76.318154,689.4489136,1986,9,0.63,NA,NA,NA,NA,1.8,4.3,
41.36,-72.3,65421,41.359247,-72.303032,10.66200066,1978,7,4,410,13,NA,4,NA,18.3,
41.37,-72.23,120325,41.37293,-72.231579,18.89622116,1974,7,14.3,760,15,NA,2.5,NA,10.4,
41.38,-76.62,7279,41.383539,-76.620731,476.8165588,2000,8,1.8,240,30,NA,3.85,NA,NA,
41.38,-75.5,7129,41.380938,-75.504014,454.6489563,1999,4,9.6,560,28,NA,2,NA,13.716,
41.39,-72.7,130003,41.389486,-72.699343,56.39199829,1980,7,5,265,13,NA,4.4,NA,14.6,
41.39,-72.3,54074,41.386157,-72.301933,29.27400017,1980,7,3,295,12,NA,3,NA,9.1,
41.4,-75.19,6785,41.397977,-75.186315,463.3112488,2001,4,10,430,20,NA,2.3,NA,NA,
41.4,-72.5,126926,41.401447,-72.499518,73.16177368,1985,10,12,NA,NA,NA,2.3,NA,12.2,
41.4,-71.6,7960,41.400315,-71.598018,21.01000023,2009,4,0.821794973,NA,NA,NA,2.6,NA,3,
41.41,-93.08,5162,41.407534,-93.075719,227.6692047,2001,6,17.44,6955.2,152.6,NA,1.5,5.34,15,
41.41,-73.21,7429,41.411956,-73.208481,30.49100113,1974,7,103,1090,77,NA,1,NA,19.5,
41.42,-71.55,7592,41.415215,-71.545246,29.45999908,1989,6,0.595,NA,NA,NA,9.075,NA,13.6,
41.42,-71.55,8272,41.422103,-71.552093,28.29999924,1991,5,3.78,NA,15,NA,NA,NA,9.8,
41.43,-90.83,6969,41.427572,-90.827264,187.694809,2004,5,58,NA,62,NA,0.4572,6.9494,17.6784,
41.43,-87.18,3916,41.428485,-87.176941,223.9120026,1995,7,58.06,NA,66,NA,0.4,4.6,6.1,
41.43,-75.52,6804,41.433167,-75.518192,606.6583862,2008,4,6.9,260,10,NA,3.6,NA,NA,
41.43,-71.63,7461,41.425872,-71.631065,26.72999954,1988,5,1.3,NA,NA,NA,0.5925,NA,5,
41.43,-71.49,7596,41.434603,-71.488531,5.949999809,1993,5,0.817535032,NA,NA,NA,4.65,NA,10,
41.44,-71.72,7545,41.442936,-71.718352,14.3701973,1988,5,0.625,NA,NA,NA,NA,NA,4.2,
41.44,-71.69,8271,41.441102,-71.690336,16.29000092,1988,5,2.61,NA,NA,NA,1.5375,NA,3,
41.44,-71.58,7969,41.439358,-71.57506,27.19000053,1988,5,3.37,NA,NA,NA,1,NA,1.9,
41.46,-73.52,69534,41.463099,-73.52352,236.3380127,1980,7,3,544,23,NA,2.5,NA,14.6,
41.46,-71.49,7462,41.458161,-71.493892,8.479999542,1992,5,1.92,NA,6,NA,2.8,NA,3,
41.47,-73.54,128893,41.467174,-73.540147,149.8594971,2003,8,49.6,NA,100,NA,0.9,NA,NA,
41.47,-71.67,8051,41.465371,-71.670348,17.12999916,2004,5,3.156705632,NA,NA,NA,NA,NA,NA,
41.49,-72.78,31086,41.486434,-72.779548,100.5820007,1979,9,57,1275,157,NA,1,NA,1.8,
41.49,-72.41,21595,41.491458,-72.413284,117.3470001,1980,7,2,193,5,NA,5.5,NA,13.7,
41.49,-71.87,6730,41.48928,-71.872739,91.90000153,2005,7,2.2,NA,NA,NA,NA,NA,7.9,
41.5,-87.06,2674,41.496042,-87.060909,251.4069977,2001,8,1.16,NA,84,NA,NA,NA,0.3,
41.5,-73.46,110940,41.501035,-73.455509,130.4839935,1974,7,2.4,440,15,NA,5.7,NA,24.4,
41.5,-71.56,8291,41.50215,-71.564772,34.97999954,1988,6,4.83,NA,NA,NA,2.025,NA,7.6,
41.51,-72.4,7114,41.506132,-72.404903,108.5239944,2007,7,13.8,334,NA,NA,NA,NA,3,
41.51,-71.77,7805,41.506471,-71.772257,97.44999695,2001,5,0.5682,NA,NA,NA,2.225,NA,NA,
41.51,-71.6,8294,41.509926,-71.604388,33.56999969,1988,5,0.99,NA,NA,NA,1.475,NA,2.8,
41.52,-96.02,4328,41.522196,-96.01668,301.5097961,2001,5,16.78,1365.9,78.75,NA,0.95,2.71,7.32,
41.52,-72.74,79983,41.524554,-72.744394,115.8289948,1979,8,10,450,17,NA,2.5,NA,6.4,
41.52,-71.77,7463,41.516151,-71.771607,92.77999878,2003,5,1.128542569,200,6,NA,3.625,NA,7,
41.52,-71.72,8286,41.516009,-71.720839,28.29000092,1988,5,4.86,NA,32,NA,1.875,NA,4,
41.52,-71.7,8277,41.51972,-71.696924,29.36000061,1994,4,1.104195652,NA,NA,NA,3.55,NA,3.6,
41.53,-87.27,1254,41.5278,-87.271298,184.2999878,1995,7,65.21,NA,173,NA,0.4,1.5,2.7,
41.55,-75.59,7344,41.552628,-75.594453,484.2767944,1999,4,3.1,540,18,NA,5.5,NA,NA,
41.55,-74.1,7039,41.548739,-74.103579,148.4400024,1994,7,74.5,NA,48,NA,0.7,2.5,4,
41.56,-71.88,40534,41.561234,-71.882091,55.81300354,1980,8,9,396,19,NA,2,NA,5.5,
41.57,-74.07,118204,41.565602,-74.068996,137.8400116,2004,5,2.9,NA,NA,NA,NA,NA,8.6,
41.57,-72.95,20565,41.567704,-72.951907,205.1630096,1979,8,12,538,22,NA,2,NA,NA,
41.58,-75.46,6871,41.576544,-75.455885,526.8002319,1999,4,1.7,260,15,NA,5,NA,NA,
41.58,-72.77,6817,41.579737,-72.772965,45.43500137,2003,6,6.7,769,NA,NA,NA,NA,4.9,
41.59,-75.53,6925,41.590544,-75.534059,527.7563477,1999,4,2,500,25,NA,3,NA,NA,
41.59,-73.13,69532,41.585108,-73.130239,201.1970062,1980,8,24,1020,32,NA,1.3,NA,5,
41.6,-71.93,99638,41.603053,-71.932072,44.23300171,1989,9,3.7,NA,11,NA,NA,NA,4.6,
41.61,-73.92,62330,41.60558,-73.916516,25.64752197,1988,4,7.4,NA,NA,2.6,1.5,NA,4,
41.63,-71.98,7195,41.629771,-71.977092,29.3029995,2000,5,5.9,NA,NA,NA,NA,NA,NA,
41.64,-71.16,7598,41.640484,-71.156263,62.23899841,1992,7,9.9,NA,NA,NA,NA,NA,7.3,
41.68,-73.48,6841,41.684411,-73.478244,117.6389999,2007,9,44.4,1329,NA,NA,NA,NA,3.7,
41.69,-72.48,131078,41.694184,-72.48152,211.272995,1996,5,8.3,NA,7,NA,NA,NA,3.7,
41.69,-70.01,134198,41.694357,-70.007257,3.810000181,1986,8,1.41,NA,NA,NA,NA,7.2,16,
41.7,-73.28,13270,41.700656,-73.278097,267.6630249,1979,8,5,275,11,NA,4.5,NA,13.7,
41.71,-74.29,131019,41.70638,-74.29076,570.3909912,1988,8,0.4,NA,NA,0.1,10,NA,24.5,
41.71,-70.11,42671,41.705388,-70.110089,8.720000267,1986,8,1.37,NA,NA,NA,NA,1.3,3,
41.73,-74.24,123518,41.725367,-74.235458,502.6600037,1988,4,0.9,NA,NA,0.8,11.5,NA,19,
41.73,-73.42,109899,41.730172,-73.418447,355.4390259,1999,6,3.17,350,12,NA,4.29,NA,10.1,
41.73,-70.9,1692,41.734135,-70.902051,12.55000019,2000,8,7.4,NA,28,NA,1.8,NA,4.57,
41.74,-75.27,6939,41.742407,-75.272333,431.6973572,2001,4,9.5,460,10,NA,2.5,NA,NA,
41.74,-70.9,1843,41.741427,-70.90304,13.35000134,2000,8,35.6,NA,16,NA,2.1,NA,2.13,
41.75,-75.21,7281,41.753326,-75.208528,424.3029175,2001,4,40,650,30,NA,1.5,NA,NA,
41.76,-70.85,43705,41.757676,-70.852598,17.42000008,1986,8,2.34,NA,NA,NA,NA,2.4,7.9,
41.77,-93.74,4363,41.76569,-93.744413,254.6052704,2001,5,0.67,10929,171.55,NA,2.15,4.74,12.98,
41.79,-70.92,136194,41.792908,-70.915941,15.09000015,1986,8,1.91,NA,NA,NA,NA,NA,NA,
41.8,-70.61,106783,41.804796,-70.612362,14.40999985,1986,8,5.62,NA,NA,NA,NA,2.5,5.8,
41.8,-70.6,87317,41.796383,-70.603265,14.11999893,1986,8,2.58,NA,NA,NA,NA,2.1,4.9,
41.81,-93.75,4494,41.81434,-93.748358,280.2364197,2001,5,2.48,7012.7,80.21,NA,3,5.5,15.24,
41.81,-73.24,18421,41.814005,-73.239287,376.2019958,1989,8,0.5,NA,8,NA,1.8,NA,3,
41.82,-70.75,1077,41.818998,-70.754885,19.68118668,2000,7,1,NA,100,NA,NA,NA,0.9,
41.83,-87.84,6544,41.832985,-87.840525,185.7899933,2000,11,3.83,NA,39,NA,3.4036,2.1031,3.871,
41.85,-89.97,7026,41.84532,-89.965814,201.4609985,2004,5,2.62,NA,23,NA,2.4892,3.3223,8.2296,
41.86,-75.63,42790,41.862032,-75.627715,491.9411011,1986,9,83.06,NA,NA,NA,NA,NA,NA,
41.87,-71.35,8282,41.871061,-71.345847,17.77000237,1993,5,8.450128205,NA,NA,NA,NA,NA,1.5,
41.89,-73.82,81032,41.885815,-73.815694,104.9399948,2003,6,3.8,NA,NA,NA,3.25,NA,NA,
41.89,-70.69,9442,41.885739,-70.694317,32.45000076,1986,8,1.16,NA,NA,NA,NA,3.2,5.8,
41.91,-70.7,123470,41.910588,-70.704735,34.65000153,1986,8,4.48,NA,NA,NA,NA,0.7,4,
41.92,-73.16,91454,41.917262,-73.155245,380.5120239,1989,8,2.5,NA,1,NA,NA,NA,4.9,
41.92,-70.71,107810,41.921576,-70.706181,35.49000168,1986,8,5.4,NA,NA,NA,NA,2,5.2,
41.96,-73.22,18430,41.958545,-73.222253,404.2820129,1980,8,9,281,11,NA,2.5,NA,4.6,
41.97,-74.15,39489,41.97365,-74.150688,179.5769958,1989,5,0.98,NA,11,NA,1,15.6,56.2,
41.97,-73.67,6440,41.971467,-73.673656,137.3080139,2007,7,2.56,450,12,NA,3,3.5,7.5,
41.98,-73.67,31102,41.979771,-73.671487,138.1539917,2003,8,2.4,NA,NA,NA,2.35,NA,NA,
41.98,-73.5,18426,41.977254,-73.504645,239.9700012,1983,8,13.9,NA,NA,NA,2.1,NA,3,
41.99,-93.36,4648,41.988137,-93.356771,295.7149963,2001,6,26.6,13463,98.29,NA,1.6,4.85,10.67,
42.03,-73.19,121398,42.026497,-73.192947,420.1440125,1990,8,1.8,NA,6,NA,1.7,NA,1.8,
42.05,-90.14,4476,42.050534,-90.135323,178.1804657,2001,7,35.22,1055.1,84.06,NA,0.6,1.4,4.2672,
42.05,-72.75,9,42.04511,-72.753502,69.58300018,2001,6,2.6,NA,17,NA,4.6,NA,12.2,
42.06,-71.35,41,42.062381,-71.349785,60.16500092,2002,8,19.4,NA,17,NA,2.4,3.7,10.4,
42.06,-70.83,30,42.05584,-70.825842,16.59000015,2003,9,96,NA,NA,NA,0.8,1.5,2.7,
42.07,-73.59,24871,42.069846,-73.591344,152.4769897,1996,7,9.3,NA,NA,NA,0.7,NA,9.8,
42.07,-71.91,3745,42.066294,-71.90739,154.7830048,1999,7,3,NA,21,NA,0.8,NA,1,
42.08,-73.59,48885,42.07924,-73.594126,152.7769928,1996,10,25.2,NA,NA,NA,1.8,NA,7,
42.09,-73.71,7061,42.087724,-73.70821,198.7709961,1995,5,7.96,NA,17,NA,2.2,NA,13.7,
42.11,-79.73,6408,42.106075,-79.726181,432.0550232,1986,6,2.22,NA,26,NA,3,3.3,11.7,
42.12,-94.02,4955,42.119726,-94.020283,324,2001,5,0.99,14922.3,203.41,NA,0.95,5.15,13.72,
42.12,-73.56,6944,42.118904,-73.555705,161.5769958,1989,7,27.8,NA,35,NA,2.36,4,9,
42.13,-72.19,3267,42.134836,-72.194138,201.8099976,1999,8,1,NA,19,NA,2.1,NA,3.4,
42.14,-73.6,7339,42.144158,-73.595613,217.7009888,1986,7,14.4,NA,50,NA,0.88,4.9,10,
42.19,-74.13,120368,42.192032,-74.12915,565.8109741,2005,6,3.6,200,NA,NA,1.1,NA,1.1,
42.19,-72.07,37,42.194397,-72.068994,182.8040009,2003,8,35.1,NA,NA,NA,1.4,1.8,3.7,
42.2,-74.04,31111,42.19818,-74.042248,649.0050049,2005,6,2.9,100,NA,NA,2.8,NA,3.5,
42.23,-71.58,21,42.228292,-71.576596,101.288002,2001,6,2,NA,23,NA,3.15,1.8,9.8,
42.24,-74.12,109925,42.23574,-74.11933,624.6049805,2005,6,2.1,100,NA,NA,1.7,NA,1.7,
42.24,-71.47,66421,42.239787,-71.465225,66.27100372,1986,9,5.56,NA,NA,NA,NA,6.4,14.3,
42.33,-74.96,121468,42.325572,-74.964499,624.6660156,2009,8,23.5,NA,100,NA,NA,NA,10,
42.35,-77.71,46877,42.34574,-77.712655,379.9067993,2007,6,6.4,NA,100,NA,0.5,NA,4.57,
42.36,-74.44,49938,42.362418,-74.442637,344.2420044,1989,5,0.24,NA,40,NA,0.5,18.1,46.5,
42.36,-73.61,79999,42.364165,-73.607638,121.7259979,2003,7,5,NA,NA,NA,1.45,NA,NA,
42.39,-73.9,7154,42.390943,-73.895492,199.3840027,2008,7,37.18,930,55,NA,1.35,3.5,7.5,
42.4,-76.51,86564,42.399738,-76.511716,291.5250244,1984,4,1.6,NA,NA,NA,0.5,NA,6.5,
42.41,-90.34,6435,42.406736,-90.338964,216.3600006,2006,5,12.5,NA,NA,NA,NA,6.096,18.288,
42.42,-74.56,74719,42.415311,-74.563513,530.2520142,2010,8,8.1,NA,100,NA,0.32,NA,2.3,
42.45,-95.8,4292,42.447658,-95.801247,340.4579773,2001,5,0.77,609.9,15.38,NA,4.9,3.14,8.84,
42.45,-76.48,34487,42.451168,-76.476433,238.2480011,2008,8,3.2,NA,NA,NA,NA,NA,NA,
42.45,-74.43,110982,42.445405,-74.426777,594.4503174,2010,8,2.7,NA,NA,NA,3.1,NA,22.8,
42.47,-71.16,25,42.468553,-71.156349,12.25599957,2004,8,7,NA,16,NA,3.3,3,12.2,
42.49,-77.57,6410,42.492786,-77.567238,517.4839478,1997,5,0.17,NA,16,NA,2.75,1.8,6.1,
42.49,-71.93,88340,42.486554,-71.928178,318.2860107,1993,8,0.5,NA,NA,2.87,5.55,NA,NA,
42.51,-74.98,36352,42.51092,-74.982637,347.375,1984,4,5.5,NA,NA,NA,1.3,NA,9.2,
42.52,-75.05,25998,42.517027,-75.05281,466.4779968,2008,9,9.6,300,200,NA,3.6,NA,12.8,
42.52,-74.15,7260,42.51993,-74.149836,465.9490051,1989,7,35.2,NA,20,NA,1,NA,6.1,
42.53,-71.03,44,42.530414,-71.028524,29.06999969,2002,7,63,NA,45,NA,0.6,0.9,1.8,
42.54,-74.09,84234,42.54422,-74.085024,420.0320129,2006,6,1.9,700,NA,NA,2.15,NA,2.5,
42.55,-75.49,118296,42.547792,-75.491928,362.2928772,1998,6,12.8,NA,NA,NA,1.1,NA,9.7,
42.56,-74.17,77874,42.562089,-74.167748,495.1490173,2010,8,9.1,NA,NA,NA,1.5,NA,1.5,
42.57,-74.16,54148,42.565834,-74.15663,469.249115,2010,8,6.9,NA,NA,NA,2.1,NA,2.1,
42.58,-75.44,6509,42.582642,-75.441489,533.0930176,2000,5,13.3,NA,13,NA,3.6,4.3,10,
42.58,-75.13,101782,42.58079,-75.128301,461.381012,1984,4,3,NA,NA,NA,7.1,NA,7,
42.58,-74.58,6910,42.583178,-74.581672,630.1870117,1997,6,7.33,NA,16,NA,2.15,NA,NA,
42.59,-75.37,62381,42.592536,-75.372154,434.6919861,1984,4,16.4,NA,NA,NA,2,NA,4.3,
42.59,-74.59,72614,42.592103,-74.594576,642.9870605,2010,7,11.7,NA,NA,NA,0.6,NA,3.7,
42.6,-74.53,91505,42.596463,-74.530766,626.1870117,2010,7,9.1,NA,NA,NA,1.9,NA,4,
42.61,-75,7352,42.611069,-75.004745,540.8779907,1987,6,4.8,NA,5,NA,5.75,NA,NA,
42.64,-76.92,6490,42.641671,-76.918376,135.4307251,1991,6,1.89,NA,8,NA,4.75,88.6,198.4,
42.66,-74.44,77877,42.664389,-74.443594,353.7680054,1997,7,2.3,NA,NA,NA,0.6,NA,11.6,
42.66,-72.35,136231,42.656934,-72.347472,206.8379974,1986,8,1.82,NA,NA,NA,NA,3.3,7.3,
42.7,-78.03,6974,42.696269,-78.034024,413.4620056,1986,6,11.8,NA,23,NA,NA,7.2,11.6,
42.7,-76.66,6844,42.702775,-76.658628,116.2130051,2002,6,0.96,1530,8,NA,5.3,NA,NA,
42.7,-71,7,42.69819,-71.001721,27.25000191,2003,9,11.8,NA,8,NA,5.1,5.2,12.5,
42.72,-77.61,53405,42.724116,-77.607732,275.677002,1985,4,3.2,NA,NA,NA,3.75,NA,29.3,
42.72,-77.57,117413,42.716932,-77.569191,333.9770203,1985,4,5.4,NA,NA,NA,3.5,NA,30.5,
42.74,-73.41,6478,42.735252,-73.412711,498.8519897,2002,5,1.45,460,7,NA,3.6,4.5,9.8,
42.74,-72.51,3933,42.736728,-72.509039,111.8590012,2005,4,0.8,NA,9.6000004,NA,1.8,NA,3.9624,
42.75,-77.51,7118,42.752825,-77.511373,244.6500092,1996,7,21,NA,25,NA,2.1,4.9,9.2,
42.75,-73.43,47857,42.745337,-73.433407,504.8519897,1986,9,11.21,NA,NA,NA,NA,0.5,1.2,
42.75,-72.84,1910,42.746242,-72.835171,514.8549805,2008,5,7.0999999,NA,13.6000004,NA,2,NA,1.8288,
42.76,-78.75,63692,42.757206,-78.751335,256.7399902,2006,6,5.1,600,NA,NA,2.35,NA,6.1,
42.76,-75.56,7171,42.760517,-75.557851,330.2799988,1988,6,6.22,NA,12,NA,2.65,3.7,10,
42.76,-74.9,86349,42.75971,-74.897207,362.5650024,1984,4,4.2,NA,NA,NA,6,NA,55,
42.76,-74.65,98668,42.757023,-74.652447,431.973999,1997,7,24.8,NA,NA,NA,0.7,NA,5.3,
42.77,-75.2,12369,42.769547,-75.202234,502.7749939,2008,9,24.6,400,NA,NA,2.35,NA,5.8,
42.78,-77.71,6561,42.778689,-77.712553,248.8419952,1986,6,0.33,NA,20,NA,3,11.5,20,
42.79,-78.23,138988,42.785625,-78.226438,486.0640259,2007,9,38.4,200,NA,NA,NA,NA,NA,
42.8,-73.19,3158,42.799072,-73.193025,336.0710144,2002,9,2.5,NA,16,NA,3.5,NA,6.096,
42.8,-72.82,2334,42.80135,-72.816154,440.6739807,2006,4,1.1,NA,12.6999998,NA,0.5,NA,2.4384,
42.82,-73.4,6494,42.817418,-73.399511,403.4460144,1987,6,1.7,NA,14,NA,5.95,4.6,11.5,
42.82,-72.81,3878,42.819078,-72.806911,491.7739868,2005,4,5.5,NA,12,NA,0.6,NA,2.1336,
42.82,-72.45,6280,42.819825,-72.450113,270.8630066,1995,8,3.2,NA,NA,4.02,3.1,1.8,7.3,
42.83,-71.44,5684,42.83155,-71.444463,55.8690033,1986,8,1.37,NA,NA,NA,NA,3.4,8.4,
42.85,-75.57,126778,42.852799,-75.568183,342.1799927,2009,8,4.8,NA,NA,NA,2.75,NA,19.66,
42.87,-75.76,6534,42.866518,-75.755892,457.1020203,1986,6,2.66,NA,6,NA,3.88,4.3,12.7,
42.87,-75.57,42799,42.874302,-75.573226,347.3164673,1992,6,12.5,NA,16,NA,2.21,NA,NA,
42.89,-77.98,76061,42.890566,-77.975412,322.32901,2010,6,40.4,NA,100,NA,0.5,NA,7.5,
42.89,-77.56,123773,42.888779,-77.563033,263.1289978,2009,8,6.9,NA,NA,NA,2.3,NA,12.8,
42.9,-75.52,6541,42.90133,-75.52389,345.776001,1989,7,2.53,NA,5,NA,6.45,7.1,23.3,
42.91,-75.32,134097,42.911514,-75.315933,463.1419067,2008,7,6,NA,NA,NA,2.2,NA,3.1,
42.92,-72.68,870,42.918285,-72.683257,418.8569946,2006,4,0.3,NA,9.8699999,NA,0.5,NA,10.668,
42.93,-72.22,26919,42.934076,-72.216822,289.8469849,1986,8,1.61,NA,NA,NA,NA,2.5,7.9,
42.94,-93.56,4280,42.940983,-93.562486,372.4700012,2001,6,60.88,16664.7,89.95,NA,0.9,2.82,6.71,
42.96,-72.01,69489,42.959289,-72.012319,349.8340149,1986,9,1.9,NA,NA,NA,NA,5.8,12.5,
42.98,-71.76,6051,42.983836,-71.76499,193.3549957,1986,8,1.89,NA,NA,NA,NA,2.7,5.2,
42.99,-95.67,5256,42.987674,-95.667987,417.3469238,2001,7,22.52,1477.7,102.58,NA,0.95,1.43,3.05,
42.99,-72.71,4148,42.989183,-72.705617,380.8569946,2006,4,1.6,NA,12.1000004,NA,3,NA,3.3528,
43,-89.49,1957,43.00083,-89.488729,291.1751099,2006,8,234,NA,737,NA,0.0762,NA,3.048,
43.02,-89.33,5106,43.015469,-89.3252,256.9883423,2002,9,29.8,NA,64,NA,NA,4.8768,10.3632,
43.03,-77.82,50236,43.027809,-77.820897,179.0279999,2009,8,2.1,NA,NA,NA,3.2,NA,7.7,
43.03,-77.57,110179,43.027436,-77.566235,195.8329926,2009,8,4.3,NA,NA,NA,NA,NA,1.5,
43.12,-72.6,941,43.122368,-72.604334,356.868988,2006,4,1.9,NA,15.3999996,NA,2.8,NA,3.6576,
43.13,-74.59,103722,43.127372,-74.588417,485.2009888,1986,8,2.55,NA,NA,NA,NA,4,11,
43.13,-74.49,7169,43.132425,-74.490168,442.4768677,1990,7,3.68,NA,8,NA,4.15,10.4,15,
43.14,-76.53,6492,43.140154,-76.533086,120.5189972,1992,6,2.74,NA,11,NA,2.38,1.4,3,
43.14,-72.47,4127,43.14312,-72.469184,186.8560028,2008,4,0.2,NA,24.6000004,NA,3.5,NA,14.0208,
43.15,-72.73,667,43.152582,-72.731951,494.2930298,2008,5,7.8899999,NA,8.3100004,NA,0.75,NA,1.524,
43.16,-74.54,6530,43.161608,-74.537847,472.2669983,1997,6,3.62,NA,10,NA,1.88,21.3,38,
43.17,-91.91,5414,43.174412,-91.90877,345.6281738,2001,6,2.59,4020.1,22.84,NA,4,3.54,8.23,
43.17,-71.07,5840,43.172959,-71.065363,68.18000031,1986,8,3.17,NA,NA,NA,NA,6.4,15.9,
43.19,-74.5,138250,43.188251,-74.499163,504.8789978,2008,11,1.098,NA,2.69,2.958,NA,2.3,4,
43.19,-70.76,7638,43.189496,-70.763963,51.5739975,1997,8,21,NA,26,8.82,1.95,2.1336,3.3528,
43.22,-70.81,7532,43.220042,-70.807018,0,1978,9,2.6,NA,NA,NA,NA,3.048,7.0104,
43.22,-70.77,8146,43.216907,-70.770946,33.27399826,1991,8,9.2,NA,23,NA,2,2.7432,4.8768,
43.23,-74.52,46782,43.226689,-74.517862,502.7669983,2010,7,4.8,NA,NA,NA,4.4,NA,8.5,
43.23,-74.51,41647,43.233894,-74.51277,502.7669983,2010,7,4.3,NA,NA,NA,2.75,NA,9,
43.24,-74.45,101699,43.235318,-74.452244,705.0790405,1986,8,3.38,NA,NA,NA,NA,1.5,5.8,
43.25,-76.96,6810,43.248326,-76.957931,74.79199982,1988,7,8.97,NA,21,NA,2.26,3.9,NA,
43.25,-71.52,6229,43.254849,-71.516007,95.84200287,1986,9,3.41,NA,NA,NA,NA,2.7,5.8,
43.25,-70.76,8356,43.254465,-70.761474,30.59632683,1982,9,7.1,NA,16,NA,3.7,2.7432,5.4864,
43.26,-75.91,92796,43.258277,-75.90774,141.8300018,2006,8,3.7,900,NA,NA,1.85,NA,6.6,
43.26,-74.53,40560,43.258765,-74.529395,500.8841248,1986,8,11.07,NA,NA,NA,NA,2.4,5.8,
43.27,-72.55,161,43.266803,-72.553387,258.3540039,2002,10,5.1999998,NA,22,NA,NA,NA,NA,
43.29,-89.62,3959,43.290993,-89.622996,263.3000183,2004,8,109,NA,149,NA,0.6096,NA,2.7432,
43.29,-75.43,7236,43.292233,-75.429555,167.1600037,1991,7,6.88,NA,11,NA,3.13,NA,17.5,
43.29,-74.43,126841,43.294298,-74.42906,631.8980103,1985,6,13.9,NA,100,5,2,NA,9.5,
43.3,-74.59,124548,43.303264,-74.593263,598.8839722,2008,11,0.582,NA,1,1.772,NA,4.5,11.3,
43.31,-74.79,67557,43.313805,-74.793577,574.8720093,1986,8,3.43,NA,NA,NA,NA,3,7.9,
43.31,-74.76,12282,43.305809,-74.76186,589.6719971,2010,8,3.7,NA,NA,NA,2.65,NA,22.9,
43.31,-74.72,74713,43.313419,-74.718132,666.882019,1994,8,0.4,NA,NA,1.19,9.75,NA,NA,
43.33,-75.91,7247,43.32938,-75.908727,182.730011,1993,7,3.48,NA,9,NA,2.8,NA,NA,
43.33,-75.07,17379,43.330849,-75.065071,372.6960144,1986,4,1.7,NA,NA,NA,3.4,NA,12.5,
43.34,-74.96,38400,43.336132,-74.959969,422.8721619,1986,8,4.33,NA,NA,NA,NA,3.6,11,
43.34,-74.45,106834,43.340636,-74.451815,527.9980469,1986,8,3.75,NA,NA,NA,NA,1.4,3,
43.35,-74.71,122446,43.347195,-74.712722,652.882019,1986,8,7.38,NA,NA,NA,NA,2.7,8.5,
43.37,-75.62,125901,43.368681,-75.622517,280.8354187,2006,8,2.9,700,NA,NA,1.5,NA,11.7,
43.38,-70.99,5863,43.383759,-70.986074,74.2401123,1979,8,4,NA,13,NA,2,2.2,6.7,
43.4,-70.76,59193,43.401775,-70.758432,76.61299133,1995,7,2.4,NA,NA,24.4,1,NA,NA,
43.4,-70.76,8100,43.399229,-70.764277,69.01300049,1988,7,3.1,NA,NA,NA,4.4,NA,NA,
43.41,-91.19,506,43.412926,-91.194334,188.9799957,2003,8,17,NA,43,NA,NA,NA,3.048,
43.41,-75.19,7073,43.408333,-75.186658,348.3079834,1997,5,3.29,NA,7,NA,2.2,2.9,NA,
43.41,-74.63,30021,43.414294,-74.631663,618.934021,2008,10,1.911,NA,3.4,2.815,NA,4.5,9.8,
43.41,-74.55,6873,43.411575,-74.549398,506.0169983,1999,6,3.2,NA,5,NA,4.42,17.7,24,
43.41,-70.76,8119,43.411984,-70.756143,70.21300507,1979,5,7.5,NA,NA,NA,2.3,NA,NA,
43.42,-89.73,4504,43.41756,-89.731823,293.1870117,2002,7,0.53,NA,12,NA,NA,9.144,14.3256,
43.43,-74.72,71584,43.431172,-74.724664,751.934021,2004,8,6.8,300,NA,1.4,2,NA,2.7,
43.46,-74.32,118166,43.463564,-74.315567,509.3009949,2010,8,5.6,NA,NA,NA,3,NA,18.3,
43.46,-72.05,5745,43.461825,-72.053945,391.8919983,1986,8,1.52,NA,NA,NA,NA,5.7,18.6,
43.47,-75.92,6949,43.472796,-75.923041,187.548996,1991,6,8.93,NA,20,NA,3.38,2.1,4.5,
43.47,-73.21,5238,43.468388,-73.212619,147.4090118,1978,5,4.8800001,NA,12,NA,3.5,11.2776,20.7264,
43.48,-74.38,106853,43.477576,-74.377514,525.8010254,1987,5,3.3,NA,NA,NA,5,NA,19,
43.48,-72.39,2703,43.484853,-72.390863,97.87400055,1991,6,1.83,NA,14,NA,2.5,NA,3.9624,
43.5,-95.13,5583,43.503744,-95.127339,427.4584961,2001,5,20.29,6731.7,123.89,NA,1.5,1.83,2.4,
43.5,-70.72,8010,43.49916,-70.722757,69.29494476,1990,9,32.4,NA,55,NA,2.4,3.3528,6.7056,
43.5,-70.65,8342,43.504276,-70.646907,82.40499878,1982,9,2.7,NA,5,NA,6.9,6.4008,13.1064,
43.51,-93.47,176,43.507783,-93.472881,386.730011,2012,6,390,NA,NA,NA,0.3,NA,NA,
43.51,-74.89,131790,43.512148,-74.888137,615.2559814,1986,8,0.76,NA,NA,NA,NA,8.3,18.3,
43.52,-70.59,8011,43.515531,-70.588977,64.53749847,1983,9,10.1,NA,19,NA,1.5,4.2672,10.9728,
43.54,-90.96,5006,43.539531,-90.957475,277.3829956,2012,9,28.7,NA,35,3.1,2,3.3528,6.7056,
43.54,-74.93,10518,43.539426,-74.927393,555.2559814,1995,7,0.9,NA,NA,2.54,5.5,5.7,17.7,
43.54,-73.7,88720,43.539838,-73.701975,240.3569946,1982,8,3.3,NA,NA,NA,5.6,NA,21,
43.55,-93.5,363,43.545769,-93.501104,377.3200378,1994,6,199,NA,371,NA,0.2,NA,NA,
43.55,-75.15,100964,43.545043,-75.149729,435.2220154,1986,4,0.4,NA,NA,NA,8.75,NA,23.2,
43.56,-73.78,7308,43.55651,-73.779441,315.0750122,1997,5,11,NA,12,NA,2.55,NA,NA,
43.56,-70.96,5753,43.561666,-70.96044,167.7389984,2004,8,3.6,233,6,3.39,7.35,3.9,9.1,
43.56,-70.78,7581,43.5561,-70.775672,129.9300079,1990,9,2.7,NA,6,NA,5,3.9624,7.9248,
43.57,-75.23,104043,43.566138,-75.22692,394.9221191,2008,9,26.958,NA,9.92,6.962,NA,4.5,10.1,
43.57,-70.23,7686,43.574912,-70.232147,3.775000095,1980,6,3.7,NA,NA,NA,1.2,1.2192,1.524,
43.59,-75.12,117429,43.591768,-75.118169,462.2420044,1986,4,2.5,NA,NA,NA,2.25,NA,2.5,
43.59,-74.56,26969,43.589211,-74.563441,751.947998,1986,8,1.91,NA,NA,NA,NA,3.9,12.2,
43.59,-70.93,8343,43.588284,-70.933771,174.1390076,2004,8,3.7,307,8,3.73,5.45,2.7432,6.096,
43.6,-74.99,75009,43.598863,-74.985611,571.1560059,1986,8,2.08,NA,NA,NA,NA,8.5,27.4,
43.6,-74.66,33441,43.603127,-74.663113,723.9550171,2008,10,4.093,NA,7.99,2.395,NA,8.4,23.2,
43.6,-73.8,65482,43.597049,-73.795216,291.5750122,2006,7,4.2,400,NA,NA,2.55,NA,8.2,
43.6,-70.29,8095,43.600476,-70.29499,9.572999954,2005,5,3.4,NA,12,NA,4.4,NA,NA,
43.61,-71.59,5980,43.614754,-71.594894,171.5370026,1986,9,2.44,NA,NA,NA,NA,3,8.8,
43.62,-74.76,69882,43.617588,-74.755868,653.7630005,1994,8,1,NA,NA,6.76,1.95,3,10.7,
43.62,-70.89,7988,43.619171,-70.886604,151.6390076,1992,8,2.7,NA,11,NA,4.6,2.4384,4.2672,
43.62,-70.84,7909,43.615518,-70.841725,137.6300049,1994,8,4,NA,9,NA,5,3.048,6.096,
43.62,-70.69,7774,43.622446,-70.688616,100.7050018,1981,9,3.6,NA,14,NA,4.6,6.4008,14.6304,
43.63,-74.74,30341,43.63298,-74.738533,645.9450073,2008,11,1.507,NA,2.08,2.796,NA,3.4,6.7,
43.63,-74.65,54459,43.629759,-74.65306,789.3405762,1986,8,0.51,NA,NA,NA,NA,2.7,7.6,
43.63,-73.84,7135,43.625937,-73.844572,279.0786743,1991,6,4.12,NA,9,NA,4.95,4.2,9.1,
43.63,-70.83,8069,43.626177,-70.828971,118.4245987,1978,8,2.2,NA,9,NA,4.1,3.048,5.1816,
43.64,-70.73,7506,43.636054,-70.728649,94.60500336,1978,8,1.8,NA,8,NA,8.5,6.4008,22.5552,
43.65,-74.56,35541,43.646694,-74.557967,716.958252,2008,11,12.994,NA,2.66,7.307,NA,0.7,1.2,
43.65,-72.43,2822,43.652532,-72.432333,173.5879974,1982,7,10,NA,31,NA,1.1,NA,3.3528,
43.65,-70.66,8518,43.651591,-70.659871,89.71199799,1979,8,2.3,NA,8,NA,4.9,4.8768,19.812,
43.66,-71.52,5786,43.658535,-71.524247,164.4629974,1986,9,1.96,NA,NA,NA,NA,6.7,21.4,
43.67,-70.69,8521,43.669106,-70.692462,85.81199646,1990,9,5.3,NA,12,NA,3.3,3.048,7.62,
43.68,-75.1,93854,43.684682,-75.098088,525.9609985,2008,11,1.26,NA,2.36,3.433,NA,NA,NA,
43.68,-75.04,89756,43.683599,-75.041076,535.4609985,1997,6,1.8,NA,NA,NA,NA,NA,NA,
43.68,-74.99,118525,43.677672,-74.992479,520.0610352,1986,4,0.8,NA,NA,NA,3.2,NA,3.2,
43.68,-73.85,6889,43.67856,-73.85436,264.480011,1986,7,9.91,NA,8,NA,NA,NA,10.7,
43.68,-70.69,7680,43.682656,-70.691862,85.81199646,1990,9,6.6,NA,12,NA,3.8,2.7432,5.7912,
43.68,-70.65,8254,43.680531,-70.646359,72.51199341,1981,10,7.2,NA,32,NA,1.9,1.8288,3.6576,
43.69,-75.27,6425,43.694974,-75.27386,376.007019,2001,6,7.8,NA,7,NA,3.73,8.6,18.3,
43.69,-75.06,62629,43.692432,-75.061534,548.4610596,1986,9,2.21,NA,NA,NA,NA,1.5,5.2,
43.69,-75.01,37659,43.69393,-75.006516,509.9609985,1986,8,2.16,NA,NA,NA,NA,2.4,4.6,
43.69,-70.58,8441,43.691028,-70.583686,79.40299988,1977,8,5.5,NA,NA,NA,NA,3.9624,6.7056,
43.7,-75.1,120636,43.701808,-75.098267,496.1610107,2008,11,2.837,NA,5,4.812,NA,NA,NA,
43.7,-70.78,7847,43.700901,-70.776189,103.4229965,1979,9,2,NA,6,NA,4,2.7432,4.8768,
43.71,-74.8,100953,43.712164,-74.798791,574.9539795,1986,4,0.7,NA,NA,9,6.5,6.1,21.9,
43.71,-73.84,132081,43.713716,-73.84264,273.5800171,2008,9,2.6,600,NA,NA,4.2,NA,8.6,
43.71,-73.71,6788,43.713384,-73.705355,243.3760071,1987,6,3.3,NA,3,NA,5.5,9.1,18,
43.72,-74.92,7128,43.719821,-74.923776,520.3610229,1986,7,2.22,NA,10,NA,3,NA,15.2,
43.74,-73.38,249,43.737817,-73.38038,28.15600014,1990,7,11.6899996,NA,NA,NA,0.4,NA,NA,
43.75,-74.84,59590,43.753183,-74.841838,520.2689819,1986,4,1.4,NA,NA,NA,4.2,NA,20,
43.75,-74.74,87650,43.748826,-74.744532,544.4464722,1986,8,1.16,NA,NA,NA,NA,11.8,26,
43.75,-70.87,7730,43.752838,-70.872677,169.0299988,1984,9,3.2,NA,16,NA,3.3,3.048,8.5344,
43.75,-70.67,8202,43.753111,-70.667599,70.52199554,1998,8,10,NA,15,12.1,1.4,3.6576,10.3632,
43.76,-75.31,7405,43.758721,-75.305661,378.8139954,1990,7,2.6,NA,8,NA,4,NA,NA,
43.77,-74.9,7145,43.76819,-74.90016,524.1829834,1998,6,5.21,NA,8,NA,3.7,3,10.1,
43.77,-74.85,69878,43.771755,-74.851875,552.9689941,2008,10,2.425,NA,5.12,3.426,NA,2.1,4.3,
43.77,-70.68,8300,43.772668,-70.684223,84.8219986,1981,9,1.4,NA,8,NA,7.8,6.7056,17.6784,
43.79,-95.49,549,43.793922,-95.49238,437.2349854,1985,5,46.8,NA,132,NA,0.3,NA,2.079,
43.79,-74.85,92799,43.785204,-74.850349,535.5690308,2008,3,5.766,NA,NA,3.942,NA,5.7,15.2,
43.79,-74.8,20870,43.79079,-74.802133,555.9689941,2008,10,1.957,NA,3.21,3.363,NA,4.3,6.1,
43.79,-73.97,107839,43.793556,-73.974436,369.9089966,1982,8,7.9,NA,NA,3.3,2.4,NA,4,
43.79,-73.77,7151,43.788272,-73.772977,245.8950043,1987,6,4.7,NA,5,NA,2,17,44,
43.79,-71.12,5608,43.792796,-71.122832,124.5090027,1986,9,2.43,NA,NA,NA,NA,8.5,22.3,
43.8,-95.51,2948,43.80214,-95.51429,437.2479858,1985,5,44.9,NA,122,NA,0.3,NA,3.51,
43.8,-75.29,38700,43.795357,-75.290598,382.7141113,1994,8,4.3,NA,NA,10.5,0.65,NA,NA,
43.8,-74.86,75010,43.795876,-74.863011,536.9689941,2008,9,3.383,NA,3.94,4.641,NA,7.3,17.7,
43.8,-72.3,4168,43.801143,-72.304114,300.4230042,2007,5,0.81,NA,6.9699998,NA,2,NA,3.3528,
43.81,-74.88,131777,43.811402,-74.87903,580.9829712,2008,10,4.422,NA,8.26,9.782,NA,1.5,5.2,
43.81,-74.83,32449,43.805395,-74.828902,591.4802246,2008,9,30.339,NA,5.09,6.669,NA,3.2,6.1,
43.81,-74.8,30339,43.81063,-74.798399,597.1690063,2008,10,1.801,NA,4.98,3.518,NA,10.9,21.3,
43.81,-69.82,7588,43.812509,-69.815613,2.099999905,1991,8,3.6,NA,17,NA,2,1.524,2.1336,
43.82,-70.68,7713,43.819662,-70.681175,95.52199554,1982,9,2.3,NA,13,NA,4.6,2.7432,5.4864,
43.83,-74.85,19834,43.832594,-74.846323,556.4689941,1986,4,0.5,NA,NA,NA,3.5,6.8,24.5,
43.83,-74.8,112334,43.833441,-74.797456,580.9689941,1986,8,3.85,NA,NA,NA,NA,2.1,4,
43.83,-73.81,38396,43.830801,-73.809154,380.8905029,2006,9,5.5,600,NA,NA,2.9,NA,11.5,
43.83,-72.48,1980,43.826543,-72.484235,298.9100037,2006,4,0.3,NA,9.4899998,NA,3.8,NA,4.572,
43.83,-72.23,3211,43.832602,-72.234961,255.9019928,2006,4,1.7,NA,11.3000002,NA,2.8,NA,3.3528,
43.83,-70.92,7955,43.829963,-70.915231,118.1360016,1998,8,4.9,NA,15,6.05,2.7,1.524,3.048,
43.84,-73.58,27272,43.839343,-73.580309,398.5830078,1999,5,1.7,NA,NA,NA,4.3,NA,NA,
43.84,-70.43,7659,43.843157,-70.432264,88.20600128,1982,5,3.7,NA,NA,NA,1.5,0.9144,1.524,
43.84,-69.87,7518,43.841802,-69.868589,27.78899956,1999,8,3.8,NA,8,3.7,4.6,1.8288,4.572,
43.85,-75.04,32443,43.849977,-75.043824,568.8699951,1986,9,4.8,NA,NA,NA,NA,5,13.7,
43.85,-74.89,6721,43.850075,-74.886264,625.3829956,1986,6,0.66,NA,4,NA,NA,NA,NA,
43.85,-70.96,8376,43.846556,-70.95782,162.3359985,1998,8,2.4,NA,5,3.27,6.6,11.2776,32.004,
43.85,-70.45,8417,43.854974,-70.445931,89.10600281,1978,3,11.8,NA,NA,NA,3.8,3.6576,8.8392,
43.86,-95.6,471,43.855014,-95.598835,455.8479919,1988,5,15.7,NA,100,NA,0.7,NA,2.7,
43.86,-95.6,4152,43.86408,-95.598238,455.8479919,1988,5,37.8,NA,133,NA,0.5,NA,2.1,
43.86,-74.82,23069,43.856624,-74.820221,596.623291,1986,8,1.5,NA,NA,NA,NA,1.3,3.7,
43.86,-70.55,8016,43.856739,-70.547047,81.21099854,1983,8,1.7,NA,2,NA,9,32.6136,96.3168,
43.87,-74.95,77118,43.870275,-74.952186,604.9829712,2008,10,3.216,NA,3.87,6.611,NA,3.5,10.1,
43.87,-73.65,70584,43.866403,-73.648315,295.5840149,2006,9,3.6,2400,NA,NA,6.9,NA,19,
43.87,-70.88,7941,43.865631,-70.884663,124.8359985,1998,8,7.1,NA,9,3.97,5.5,3.9624,9.144,
43.88,-95.8,130353,43.876829,-95.801378,505.5549622,2000,9,65.94,NA,NA,NA,NA,NA,1.695,
43.88,-74.77,110200,43.879357,-74.767282,589.9825439,1994,8,3.1,NA,NA,9.67,0.75,NA,NA,
43.88,-73.59,6506,43.880375,-73.586244,287.8590088,2000,5,1.79,NA,10,NA,5,5.4,11.5,
43.88,-70.88,8250,43.876254,-70.880648,121.9789963,1996,8,3.1,NA,NA,2.73,6.5,3.6576,13.4112,
43.88,-70.74,8341,43.88373,-70.744513,151.3390045,1997,8,2.8,NA,6,3.19,5.58,2.4384,9.144,
43.88,-69.65,8034,43.882278,-69.651402,3.680000067,1991,8,7.8,NA,11,NA,4.1,4.572,9.7536,
43.89,-73.69,6559,43.886055,-73.692784,248.5979919,1986,9,1.82,NA,NA,NA,NA,8.7,18.5,
43.89,-72.31,4293,43.892893,-72.305969,401.3359985,2003,5,3.3,NA,6,NA,6.0999999,2.4384,9.7536,
43.9,-74.96,67847,43.901457,-74.961662,512.085022,1986,4,1.2,NA,NA,NA,3,NA,10,
43.91,-74.77,24159,43.911162,-74.774244,595.9852295,1995,6,3.4,NA,NA,8.96,1.1,NA,NA,
43.91,-71.99,5621,43.909556,-71.99343,274.4970093,1986,9,3.77,NA,NA,NA,NA,3.6,6.7,
43.92,-75.26,6432,43.921671,-75.262354,353.79599,1997,6,1.63,NA,7,NA,3.2,4.4,6.5,
43.92,-75.21,15616,43.918056,-75.213412,392.6280212,2010,8,10.7,300,NA,NA,1.7,NA,17.6,
43.92,-70.47,7911,43.924523,-70.46889,84.22200012,1980,9,2.4,NA,5,NA,8.8,7.9248,20.7264,
43.93,-69.56,7850,43.933397,-69.564002,1.840000033,1988,8,3.3,NA,NA,NA,2,1.524,3.3528,
43.93,-69.5,8248,43.9321,-69.499825,10.6797924,1990,8,3.3,NA,NA,NA,3,4.572,6.4008,
43.94,-89.99,1283,43.937362,-89.986019,268.8119812,2010,4,16.9,NA,70,10,1.5,NA,10.9728,
43.96,-75.04,32446,43.963343,-75.042719,604.9700928,2008,10,2.748,NA,2.17,4.721,NA,3.4,11.6,
43.96,-74.96,112336,43.956663,-74.959342,645.7849731,1986,9,1.26,NA,NA,NA,NA,4.6,11.6,
43.97,-74.96,46081,43.969465,-74.955186,631.9849854,2008,10,6.494,NA,2.69,3.597,NA,4.9,13.7,
43.97,-70.46,8443,43.97144,-70.456175,84.52199554,1980,9,2.7,NA,8,NA,7.7,5.1816,16.4592,
43.97,-69.64,7915,43.969693,-69.638587,15.34000015,1997,8,6.5,NA,18,5.01,3.45,2.4384,3.9624,
43.99,-75.02,123804,43.990381,-75.018085,604.9699707,1986,9,0.69,NA,NA,NA,NA,1.5,3,
44,-95.86,10902,43.997439,-95.858203,511.0450134,2012,8,74.8,NA,NA,15.6,0.2,NA,1.5,
44,-73.82,46802,43.998991,-73.823761,581.9180908,2008,10,0.775,NA,2.64,3.49,NA,9.2,24.4,
44,-70.93,8190,44.004819,-70.93153,108.6690063,1980,9,4,NA,6,NA,5.6,5.1816,13.716,
44,-69.59,7510,44.004437,-69.594314,1.570142746,1991,8,8.9,NA,NA,NA,2.3,1.2192,4.8768,
44.01,-70.47,7782,44.013416,-70.472774,98.88800049,1978,8,1.3,NA,3,NA,8.5,10.668,36.8808,
44.02,-69.49,8195,44.023951,-69.487841,34.84000015,1978,9,1.9,NA,NA,NA,NA,2.4384,3.3528,
44.04,-91.64,291,44.03702,-91.636559,196.9999695,1994,6,10.9,NA,56,NA,1.7,NA,11,
44.04,-68.61,3194,44.038385,-68.611883,5.460000038,1986,9,0.77,NA,NA,NA,NA,7.0104,17.9832,
44.06,-69.7,8172,44.064582,-69.699977,51.70000076,1997,8,6,NA,14,7.25,3.1,4.2672,6.4008,
44.06,-69.39,72519,44.057294,-69.391983,27.64999962,1986,9,2.35,NA,NA,NA,NA,NA,NA,
44.08,-90.26,4610,44.079015,-90.263063,283.151001,2010,4,2.35,NA,105,NA,1.0668,1.2192,3.6576,
44.08,-71,75694,44.083973,-70.998903,145.1879272,1986,9,3.85,NA,NA,NA,NA,1.7,3,
44.09,-74.07,9389,44.091544,-74.067012,552.934021,1986,9,2.64,NA,NA,NA,NA,6.1,21.9,
44.1,-70.46,8210,44.101584,-70.458393,93.39800262,2002,8,3.6,NA,4,3.48,5.57,3.3528,8.5344,
44.1,-70.45,8350,44.095047,-70.454211,93.39800262,2003,8,5.9,480,13,4.37,3.83,2.4384,4.572,
44.1,-70.05,8022,44.103894,-70.051939,105.9049988,1997,8,7.1,NA,10,3.91,4.75,4.2672,5.7912,
44.1,-69.27,7481,44.099834,-69.273407,11.15999985,1984,9,3.3,NA,NA,NA,4.1,3.6576,5.4864,
44.11,-74.76,96874,44.112468,-74.764947,544.0739746,1986,9,2.17,NA,NA,NA,NA,3.1,7.6,
44.11,-73.51,6584,44.106111,-73.51093,364.8609924,1997,6,1.37,NA,10,NA,3.55,NA,NA,
44.11,-72.16,754,44.105159,-72.158864,378.1549988,2005,4,7.3000002,NA,14.6000004,NA,3.7,NA,7.0104,
44.11,-69.42,28894,44.108971,-69.42251,39.04000092,1986,9,1.76,NA,NA,NA,NA,2.5,4.6,
44.12,-95.7,2578,44.124014,-95.69924,451.598999,1985,5,56.4,NA,104,NA,0.3,1.88,2.9,
44.12,-73.98,17394,44.122815,-73.979309,842.956665,2008,10,2.758,NA,4.8,4.836,NA,2.3,7.3,
44.12,-70.82,7942,44.123997,-70.816324,202.3301086,1985,7,17.4,NA,NA,NA,NA,1.524,2.4384,
44.12,-70.47,8161,44.116696,-70.469077,91.87800598,1987,8,3.3,NA,15,NA,NA,4.572,10.3632,
44.12,-70.14,8072,44.121186,-70.138653,72.04799652,1981,9,3.8,NA,NA,NA,4.3,6.4008,9.7536,
44.13,-95.67,2089,44.13421,-95.669352,451.6040039,1985,8,70.5,NA,97,NA,0.5,1.77,3.4,
44.13,-88.05,4601,44.13095,-88.047879,250.2380066,2012,6,116,NA,126,NA,0.4572,4.8768,16.1544,
44.13,-73.97,56146,44.133023,-73.96656,872.9320068,2008,10,3.824,NA,6.57,6.362,NA,3.3,7,
44.14,-89.96,3080,44.144791,-89.95968,281.3249817,2004,7,11.6,NA,NA,NA,NA,NA,13.4112,
44.14,-88.04,1078,44.137117,-88.037588,255.0379944,2005,7,66.8,NA,82,NA,1,NA,11.5824,
44.14,-73.57,6439,44.143115,-73.573368,313.8670044,1997,5,2.48,NA,8,NA,3.1,3,7.7,
44.15,-95.77,1694,44.154589,-95.766844,464.7299805,1986,5,28,NA,78,NA,0.6,NA,3,
44.15,-88.05,5094,44.152739,-88.04915,255.7980042,2012,8,20.1,NA,50,NA,1.12776,6.7056,15.24,
44.15,-88.04,4426,44.146419,-88.04494,255.7980042,2013,5,309,NA,533,NA,0.4572,2.4384,4.8768,
44.15,-70.8,8125,44.145095,-70.799296,147.9680023,1986,9,9.41,NA,NA,NA,NA,NA,NA,
44.15,-70,8237,44.153751,-69.995825,53.69400024,1979,5,0.6,NA,NA,NA,2.5,4.2672,9.7536,
44.16,-95.87,59904,44.161764,-95.865243,498.4649353,2012,7,214,NA,NA,24.3,0.2,NA,2,
44.16,-75.04,6892,44.156777,-75.044921,441.2819824,1994,7,2.57,NA,5,NA,5.33,NA,13,
44.16,-73.95,96892,44.157959,-73.952015,718.5388184,2008,10,0.167,NA,2.86,3.829,NA,0.7,2.4,
44.17,-75.14,46100,44.169405,-75.140012,423.5640259,1995,6,1.1,NA,NA,5.11,3.8,NA,NA,
44.17,-74.84,75026,44.167966,-74.839564,452.5240173,1986,4,1.5,NA,NA,NA,3.33,NA,9.5,
44.17,-69.12,8519,44.167594,-69.121788,76.88999939,1991,8,6,NA,20,NA,2.7,2.4384,3.048,
44.18,-73.97,64791,44.182486,-73.969273,659.9320068,1999,5,1.4,NA,NA,NA,4.5,5.1,16.8,
44.18,-70.77,7586,44.177019,-70.771263,325.9680176,1988,8,3.1,NA,19,NA,NA,1.8288,3.048,
44.18,-70.42,8129,44.178027,-70.415598,104.3710022,1980,3,3.2,NA,NA,NA,2.7,3.3528,12.192,
44.19,-72.1,4742,44.187891,-72.09915,269.631012,1977,4,31.0699997,NA,16,NA,2.5,4.8768,15.5448,
44.19,-69.72,8466,44.186078,-69.717134,25.64999962,2009,8,3.3,269,13,5.28,4.9,2.7432,4.572,
44.19,-69.34,7644,44.189772,-69.341637,69.28800201,1997,8,3,NA,13,3.34,6.9,4.2672,7.9248,
44.19,-69.27,7720,44.189949,-69.274465,10.18799973,1981,8,6.6,NA,17,NA,3.7,7.3152,13.716,
44.19,-69.24,8166,44.190306,-69.244962,33.44637299,1981,8,3,NA,11,NA,5.3,6.096,17.3736,
44.19,-69.07,8038,44.191367,-69.065296,28.22999954,1979,6,28.7,NA,NA,NA,2.7,3.9624,7.3152,
44.2,-69.89,8124,44.203905,-69.892636,40.89399719,2003,8,7.1,NA,17,NA,4.2,NA,NA,
44.2,-69.37,8502,44.196605,-69.369212,38.48799896,1997,8,9.4,NA,21,8.73,2.45,3.6576,7.62,
44.21,-89.84,3176,44.210329,-89.838234,291.677002,2004,8,16.1,NA,21,NA,1.6764,NA,9.144,
44.21,-73.32,1105,44.210996,-73.317737,29.38492012,2003,9,40.9000015,NA,120,NA,0.5,NA,3.048,
44.21,-70.14,8524,44.210921,-70.135558,79.99000549,2002,8,6.9,NA,11,9.78,2.7,2.4384,4.2672,
44.21,-69.29,7690,44.205171,-69.290358,10.18799973,1997,8,7.3,NA,15,6,3.35,5.1816,10.3632,
44.21,-69.18,7515,44.2076,-69.177042,97.99199677,1985,8,2,NA,11,NA,NA,1.8288,3.6576,
44.21,-69.13,7980,44.214005,-69.128051,64.09999847,1984,8,6.9,NA,11,NA,3.3,2.7432,4.8768,
44.22,-73.88,37680,44.223546,-73.878422,619.9320068,1999,5,1.4,NA,NA,NA,7.2,NA,NA,
44.22,-70.26,8147,44.222695,-70.261318,97.06300354,1998,8,4.43,NA,8,NA,3.45,2.7432,4.2672,
44.22,-69.21,8167,44.218756,-69.214736,80.89199829,1998,8,4.7,NA,9,3.42,7.6,4.2672,9.144,
44.23,-74.83,6434,44.227003,-74.826388,451.6240234,1996,6,7.6,NA,9,NA,3.4,3.7,5.1,
44.23,-73.87,116445,44.231214,-73.868343,617.9060059,2009,8,2,NA,NA,NA,NA,NA,NA,
44.23,-70.94,7872,44.226334,-70.941242,165.8869934,1997,9,3.94,NA,6,NA,7,3.6576,12.192,
44.23,-70.16,7973,44.229417,-70.161104,102.8499985,1980,9,2.2,NA,9,NA,5.7,5.7912,13.4112,
44.23,-68.67,8171,44.229923,-68.667984,26.87000084,1991,8,15,NA,15,NA,2.5,5.1816,6.096,
44.24,-69.22,8421,44.237653,-69.21608,81.19200134,1982,8,1.6,NA,5,NA,8.3,9.4488,23.7744,
44.24,-68.65,7842,44.243887,-68.648973,22.11000061,1991,8,3.9,NA,30,NA,1.3,2.1336,2.4384,
44.25,-95.87,4150,44.245954,-95.865113,460.7599792,1985,5,25.6,NA,180,NA,0.3,NA,2,
44.25,-75.74,7425,44.252469,-75.737198,118.447998,1992,6,5.95,NA,29,NA,4.05,NA,6.1,
44.25,-75.41,56427,44.252957,-75.413581,199.154007,1986,4,0.9,NA,NA,NA,8,NA,39.6,
44.25,-74.89,140000,44.24678,-74.888989,450.3980103,2009,8,6.4,NA,NA,NA,2.3,NA,6.4,
44.25,-69.53,7503,44.254192,-69.531829,62.28900146,1997,8,13,NA,28,13,2,1.524,1.8288,
44.26,-74.27,134864,44.261977,-74.266763,468.9519958,1987,5,35.1,NA,NA,NA,3,NA,17.1,
44.26,-70.84,7685,44.263125,-70.836386,205.852005,1983,9,3.5,NA,11,NA,5.8,5.1816,15.8496,
44.26,-70.56,8082,44.264491,-70.556716,176.9179993,1989,10,1.2,NA,8,NA,NA,NA,NA,
44.28,-75.77,7295,44.279344,-75.774317,105.060997,2001,6,0.23,NA,2,NA,7.5,14,NA,
44.28,-75.64,17681,44.283135,-75.644914,105.0479965,1986,4,8.9,NA,NA,NA,1.8,NA,4.9,
44.28,-74.14,83464,44.28244,-74.135879,465.9349976,1987,5,13.1,NA,NA,NA,3,NA,4.5,
44.28,-69.86,8217,44.281507,-69.858536,53.3839798,1978,7,2.9,NA,7,NA,3.4,10.3632,22.86,
44.29,-75.78,7126,44.291032,-75.775616,91.26100159,1997,5,0.7,NA,11,NA,6.1,12.8,24,
44.29,-74.16,6907,44.294737,-74.158962,465.9349976,1986,9,2,NA,NA,NA,NA,7.2,13.1,
44.29,-73.98,6493,44.290499,-73.980159,565.9180298,1998,6,4.72,NA,NA,NA,5,4.2,16.8,
44.29,-69.51,8168,44.290403,-69.512686,54.0890007,1982,9,3.5,NA,10,NA,3.9,3.3528,4.8768,
44.3,-74.35,64781,44.301431,-74.354258,478.9519958,1987,5,16.6,NA,NA,NA,2.2,NA,16.2,
44.3,-74.19,48175,44.302456,-74.192367,467.9349976,1987,5,20.1,NA,NA,NA,3.33,NA,15,
44.3,-70.04,8369,44.304636,-70.036284,73.66100311,1979,5,1.7,NA,11,NA,3.3,7.0104,12.8016,
44.3,-69.71,8323,44.302593,-69.70916,52.64870071,1992,6,4.7,NA,NA,NA,NA,2.1336,4.572,
44.3,-69.67,8531,44.297353,-69.668003,55.62413025,1998,8,12,NA,19,8.21,2.9,NA,NA,
44.31,-74.41,27265,44.311324,-74.412805,478.9490051,1987,5,11.3,NA,NA,NA,2,NA,18.9,
44.31,-74.37,96888,44.313204,-74.371729,479.8519897,2008,11,6.878,NA,49.27,11.222,NA,4.1,6.4,
44.31,-74.36,9050,44.308524,-74.355684,482.9519958,2008,11,11.047,NA,38.55,17.04,NA,2.9,4.6,
44.31,-70.82,7703,44.308282,-70.824191,251.052002,1993,7,5,NA,NA,NA,NA,2.1336,3.9624,
44.31,-70.82,8321,44.311476,-70.817177,241.852005,1998,6,5,NA,13,NA,3.82,3.6576,7.62,
44.32,-75.73,6837,44.315585,-75.726988,99.84799957,1999,6,1.24,NA,6,NA,6.45,13,NA,
44.32,-73.97,7119,44.322327,-73.973776,565.9180298,1991,7,1.39,NA,8,NA,8.63,8.8,50,
44.32,-73.9,15635,44.321733,-73.901054,513.9180298,2008,10,1.044,NA,3.49,4.544,NA,3.7,9.4,
44.32,-69.92,7705,44.315655,-69.916514,64.6969986,1993,8,6.4,NA,17,NA,4.5,3.9624,7.0104,
44.32,-69.48,8165,44.323147,-69.479394,58.88999939,1982,9,2.8,NA,9,NA,4.6,3.3528,5.4864,
44.32,-69,7570,44.317967,-69.001258,62.15000153,1984,8,4.8,NA,13,NA,3.5,2.7432,3.9624,
44.32,-68.29,644,44.321475,-68.287535,69.38999939,1995,6,1,200,7.2,NA,5.4,4.2672,11.2776,
44.33,-88.63,1889,44.329562,-88.632512,239.2460022,1994,7,11.1,NA,56,NA,1.6002,NA,2.7432,
44.33,-75.71,7153,44.334635,-75.714554,97.94799805,2004,6,2.49,1780,11,NA,4.88,7.2,15.4,
44.33,-74.36,46102,44.33377,-74.355765,478.9519958,2008,9,7.5,200,NA,NA,5.6,NA,16.46,
44.33,-74.15,7243,44.333453,-74.153215,473.9349976,1999,7,1.14,NA,9,NA,4.55,7.2,NA,
44.33,-72.08,5469,44.33008,-72.078319,300.8800049,2001,8,0.66,NA,6,NA,NA,9.144,20.7264,
44.33,-69.27,66406,44.334579,-69.270651,87.58800507,1997,5,1.6,NA,NA,11,NA,NA,NA,
44.34,-74.38,11570,44.339322,-74.378918,483.9490051,1986,9,2.68,NA,NA,NA,NA,1.5,3.4,
44.34,-69.68,7655,44.344988,-69.684687,64.74149323,1997,8,4.5,NA,9,3.81,4.72,4.2672,7.9248,
44.34,-69.48,7888,44.3397,-69.478944,69.59000397,1982,9,5.7,NA,18,NA,1.5,1.2192,2.1336,
44.34,-68.19,246,44.337075,-68.193229,125.8700027,1996,8,2.6,280,7,NA,4.8,NA,NA,
44.35,-74.44,18762,44.352732,-74.435479,496.9490051,1986,9,4.35,NA,NA,NA,NA,1.6,4,
44.35,-74.3,110213,44.346079,-74.30077,494.9519958,2008,11,2.471,NA,8.03,1.329,NA,5.4,11,
44.35,-74.29,127573,44.352819,-74.294274,494.9519958,2008,11,4.003,NA,4.54,4.302,NA,3.1,5.5,
44.35,-70.65,7495,44.354302,-70.649772,183.95401,1996,8,2.2,NA,4,3.3,7.1,7.9248,18.8976,
44.35,-69.68,8368,44.35151,-69.677662,63.9737587,1997,8,5,NA,11,4.64,3.89,3.6576,6.7056,
44.35,-69.64,7466,44.347039,-69.643068,59.147892,1977,8,6,NA,NA,NA,NA,3.6576,10.0584,
44.35,-69.15,8228,44.350853,-69.150455,66.18800354,1994,6,0.9,NA,NA,NA,3.2,3.048,5.1816,
44.36,-75.27,97956,44.363269,-75.266847,227.9570007,1986,9,4.46,NA,NA,NA,NA,6.6,24.4,
44.36,-68.35,8184,44.360175,-68.345413,11.63749409,1980,8,15.7,NA,15,NA,5.1,3.3528,7.62,
44.37,-74.25,6411,44.366481,-74.254602,490.9519958,1998,5,6.51,NA,9,NA,2.45,8.5,17.5,
44.37,-70.47,7837,44.368929,-70.471836,177.2359924,1979,6,4.7,NA,12,NA,2.4,2.7432,4.2672,
44.37,-69.33,7619,44.368995,-69.328563,181.4879913,2001,8,3.4,NA,6,3.67,5.8,2.4384,6.7056,
44.37,-69.11,8467,44.367828,-69.112091,69.58000183,1990,9,2.7,NA,10,NA,3.3,2.4384,3.3528,
44.37,-68.71,77787,44.374051,-68.707063,20.03000069,1986,9,34.96,NA,NA,NA,NA,2.9,7,
44.37,-68.6,61198,44.370433,-68.600975,12.44999981,1986,9,1.98,NA,NA,NA,NA,NA,NA,
44.39,-70.69,7863,44.388168,-70.686143,219.6159973,1998,9,2.63,NA,6,NA,9.31,6.096,21.6408,
44.39,-69.82,7751,44.393324,-69.824442,81.38549042,1979,3,2.2,NA,9,NA,6.2,5.1816,18.8976,
44.39,-69.82,7797,44.385252,-69.824159,80.46697998,1979,4,2.8,NA,7,NA,5,7.3152,21.336,
44.39,-69.29,8390,44.394066,-69.291526,89.68900299,2000,8,3.9,NA,12,NA,4.5,1.8288,5.1816,
44.4,-69.83,7697,44.403449,-69.8291,81.70318604,1980,4,9.7,NA,64,NA,NA,7.9248,20.1168,
44.4,-69.83,8473,44.398789,-69.826586,82.46231079,1978,3,0.9,NA,14,NA,NA,3.9624,10.3632,
44.4,-69.82,7706,44.397961,-69.823751,82.91841125,1980,4,6,NA,13,NA,3.4,4.2672,12.8016,
44.4,-69.82,7484,44.400407,-69.82302,82.92767334,1980,4,11.7,NA,23,NA,1.5,4.8768,9.144,
44.41,-70.68,7583,44.405995,-70.677178,219.9560089,1983,9,6.5,NA,NA,NA,5,3.6576,11.2776,
44.41,-69.83,8351,44.407519,-69.829141,81.20800018,1980,4,3.4,NA,10,NA,NA,4.2672,11.5824,
44.41,-69.83,8198,44.406806,-69.833979,82.41001892,1980,4,6.5,NA,12,NA,NA,4.2672,7.3152,
44.41,-69.82,8071,44.407351,-69.82331,82.40799713,1980,4,7,NA,11,NA,NA,3.048,6.096,
44.41,-69.65,8205,44.410071,-69.654862,36.38599777,1977,9,4.5,NA,24,NA,2.9,5.4864,12.4968,
44.41,-68.27,284,44.40771,-68.268379,41.27999878,1995,7,2,260,8,3,3.2,2.1336,3.3528,
44.42,-71.94,4685,44.41601,-71.939666,267.1910095,2001,7,0.5,NA,5,NA,NA,3.3528,10.0584,
44.42,-70.53,7678,44.423351,-70.530623,256.5040283,1992,9,2.1,NA,NA,NA,5.6,5.1816,12.4968,
44.42,-69.79,8470,44.415654,-69.792161,99.50799561,1978,8,3.3,NA,NA,NA,6.8,5.7912,10.3632,
44.43,-74.27,7298,44.428464,-74.266329,493.9660034,2000,6,7.75,NA,13,NA,3.45,NA,NA,
44.44,-74.29,68823,44.43782,-74.293485,494.9660034,2008,11,81.506,NA,18.83,3.452,NA,6.2,13.7,
44.44,-74.25,10531,44.441609,-74.247039,502.9580078,2009,8,2.7,NA,100,NA,3.1,NA,8.5,
44.44,-71.61,5756,44.442074,-71.605803,325.8800049,1986,9,2.47,NA,NA,NA,NA,4.1,9.1,
44.44,-70.55,7838,44.443097,-70.552546,301.9240112,1987,5,1.9,NA,NA,NA,3.2,2.1336,3.6576,
44.45,-74.24,23075,44.453163,-74.237644,502.9580078,2009,8,9.1,NA,NA,NA,1.9,NA,3.05,
44.45,-69.99,8225,44.448081,-69.99155,93.42700195,2010,9,1.6,NA,10,NA,6.21,5.4864,10.9728,
44.46,-74.26,69891,44.459088,-74.259512,503.9660034,2009,8,15,NA,NA,NA,0.65,NA,3,
44.46,-73.78,90761,44.46384,-73.78217,381.9249878,2008,9,8.5,400,NA,NA,1.7,NA,2.9,
44.46,-70.07,7732,44.458802,-70.067984,122.6580048,1997,8,4.1,NA,8,6.65,4.1,5.7912,13.4112,
44.46,-70.05,7687,44.457178,-70.052631,124.5579987,1999,8,1.9,NA,3,2.2,12.7,12.8016,32.3088,
44.47,-70.05,7716,44.472005,-70.05233,119.0579987,1982,9,3.3,NA,6,NA,4.6,4.572,11.2776,
44.48,-70.1,7560,44.478157,-70.104119,110.7580032,1997,8,15,NA,19,7.96,2.6,4.2672,9.7536,
44.48,-69.49,7938,44.484609,-69.489889,70.78700256,1982,3,0.5,NA,NA,NA,NA,5.4864,10.0584,
44.48,-68.96,108793,44.482208,-68.963541,68.36000061,1986,9,20.87,NA,NA,NA,NA,1.8,3,
44.49,-73.85,58519,44.485714,-73.854544,424.9249878,1999,5,2.4,NA,NA,NA,3.5,NA,NA,
44.51,-74.32,110206,44.513076,-74.316031,483.3450012,2009,8,3.2,NA,NA,NA,2.4,NA,2.4,
44.51,-74.13,82387,44.513664,-74.126621,516.5784302,1995,7,4.4,NA,NA,6.52,2.4,5.8,11.5,
44.51,-73.88,7256,44.505357,-73.877233,424.8581543,1989,8,2,NA,2,NA,5,NA,NA,
44.51,-70.09,7891,44.513946,-70.091896,109.8850021,1997,8,6.7,NA,11,7.07,3.8,4.2672,7.3152,
44.52,-74.92,130716,44.516784,-74.922653,268.9830017,2009,8,4.3,NA,NA,NA,2.6,NA,8.5,
44.52,-74.13,32470,44.517091,-74.126121,516.5724487,2008,11,26.736,NA,13.63,10.104,NA,3.5,6.2,
44.52,-70.05,7800,44.518029,-70.050625,148.2949982,1999,6,2.1,NA,7,NA,6.8,5.7912,15.24,
44.52,-69.3,7930,44.515849,-69.304772,139.9970093,1978,9,9,NA,NA,NA,1.6,1.8288,3.3528,
44.52,-68.63,8143,44.522772,-68.625162,49.8890419,1978,9,3.2,NA,6,NA,6.1,8.2296,37.1856,
44.53,-70.09,7919,44.533782,-70.085541,110.1949997,1998,8,3,NA,9,4.64,3.16,2.7432,3.6576,
44.53,-69.56,8207,44.533813,-69.560323,42.77199936,1978,10,14.3,NA,NA,NA,1.8,4.572,8.2296,
44.54,-69.05,8173,44.541273,-69.053979,86.69100189,2001,8,3.2,NA,6,3.21,7.06,3.9624,7.62,
44.54,-68.54,8229,44.53831,-68.542969,40.80899811,1982,8,2,NA,3,NA,6.8,7.3152,26.5176,
44.56,-74.07,106137,44.559538,-74.073106,522.05896,2004,6,8.3,NA,NA,NA,NA,NA,NA,
44.56,-69.93,8112,44.557842,-69.929021,130.0280304,2004,9,3.7,NA,11,NA,4.1,NA,NA,
44.56,-68.59,7497,44.555714,-68.592828,49.80899811,1987,9,2.3,NA,NA,NA,4.7,3.9624,9.7536,
44.57,-70.12,8499,44.568864,-70.118365,110.4950027,1986,9,2.95,NA,NA,NA,NA,3.9624,7.0104,
44.57,-69.97,8211,44.57288,-69.974965,269.5950012,2004,8,10,445,15,7.93,3.15,1.2192,3.6576,
44.57,-69.95,7614,44.569204,-69.952732,266.5450134,2004,6,3,NA,18,NA,1.75,2.4384,7.9248,
44.57,-69.93,7627,44.573849,-69.925431,129.3849945,1978,9,2.6,NA,NA,NA,5.9,3.6576,7.3152,
44.57,-69.91,7868,44.572288,-69.91183,90.375,1977,8,18.9,NA,NA,NA,NA,3.3528,6.7056,
44.58,-70.12,7844,44.579494,-70.118331,105.015007,1990,9,4.5,NA,12,NA,3.8,2.4384,5.4864,
44.58,-69.99,8352,44.577714,-69.987405,275.6849976,1983,8,2.8,NA,6,NA,4.5,3.048,5.7912,
44.58,-69.96,8411,44.582255,-69.95961,292.3850098,1999,6,3.9,NA,14,NA,4.45,2.1336,6.096,
44.59,-74.29,35528,44.587375,-74.285529,475.4450073,2009,8,3.2,NA,NA,NA,4.3,NA,18.3,
44.59,-70.04,8460,44.590173,-70.039738,98.91500092,1998,8,5.6,NA,21,8.57,2.75,2.4384,3.048,
44.62,-73.61,53440,44.616705,-73.614128,195.8890076,2009,6,3.7,NA,NA,NA,NA,NA,NA,
44.66,-74.5,80300,44.656966,-74.495689,380.411438,2008,11,15.951,NA,23.98,9.214,NA,4.2,7,
44.66,-74.5,134885,44.660228,-74.496335,380.5258789,2008,11,16.32,NA,19.36,6.717,NA,5.5,14,
44.67,-74.29,7124,44.668318,-74.290408,444.3450012,2000,5,3.09,NA,14,NA,1.65,1.3,2.8,
44.67,-74.27,7175,44.669235,-74.273904,444.3450012,2008,7,1.15,500,13,NA,1.55,0.4,1.9,
44.69,-95.53,1740,44.686356,-95.531522,314.4179993,1985,5,9.61,NA,197,NA,0.9,NA,3,
44.7,-74.32,80301,44.696704,-74.324466,454.3450012,1986,9,5.38,NA,NA,NA,NA,3.2,7,
44.7,-74.13,7231,44.698803,-74.125194,452.5423889,1991,7,2.1,NA,18,NA,2.25,NA,NA,
44.72,-74.13,7093,44.716591,-74.134163,452.5410156,1986,6,1.78,NA,12,NA,1.88,NA,NA,
44.73,-74.28,7304,44.725782,-74.282011,425.7449951,1999,7,5.25,NA,9,NA,3.33,5,NA,
44.74,-68.57,7739,44.737613,-68.574239,137.0079956,1990,5,2.8,NA,5,NA,4.8,11.5824,28.956,
44.75,-73.82,131768,44.745726,-73.818833,469.64505,1987,5,4.1,NA,NA,NA,5,NA,18.9,
44.75,-68.53,8150,44.746369,-68.527271,100.4079971,1990,5,2.8,NA,6,NA,5.4,6.7056,8.2296,
44.75,-67.27,7775,44.754522,-67.266346,36.70881271,1983,8,4.1,NA,13,NA,5,3.6576,6.096,
44.76,-70.93,8224,44.762897,-70.931565,427.2119751,2001,8,4,NA,5,4.2,5.3,5.7912,12.192,
44.77,-67.25,8164,44.766874,-67.250005,23.86808968,1983,8,4,NA,11,NA,3.4,3.6576,7.3152,
44.78,-67.45,8160,44.780913,-67.446185,11.69000053,1979,9,3.1,NA,19,NA,2.6,5.4864,9.4488,
44.79,-67.27,8478,44.794005,-67.268701,26.91899872,1989,9,3.1,NA,13,NA,2.2,3.9624,10.0584,
44.8,-67.36,8318,44.795578,-67.357956,20.20899963,1979,9,4.9,NA,NA,NA,4.2,12.192,17.0688,
44.82,-74.02,7437,44.819228,-74.018601,398.9549866,1990,7,3.48,NA,8,NA,3.63,NA,19.8,
44.82,-69.71,8530,44.821806,-69.71075,63.20600128,1979,5,1.2,NA,NA,NA,4.1,NA,NA,
44.83,-70.89,7602,44.828416,-70.88557,441.2430115,1982,8,3.3,NA,18,NA,5.8,13.4112,32.9184,
44.83,-70.67,8337,44.833978,-70.671933,722.2720337,1990,9,0.9,NA,9,NA,1.8,1.524,2.4384,
44.84,-70.67,8495,44.843402,-70.674866,709.4720459,1990,9,10.6,NA,17,NA,2.5,12.192,34.7472,
44.85,-69.36,7485,44.854828,-69.361222,81.77099609,1997,8,5.7,NA,18,6.76,3.93,1.8288,4.2672,
44.87,-69.3,7808,44.869593,-69.297356,95.18099976,1981,5,1.5,NA,21,NA,5.3,2.7432,7.3152,
44.87,-67.46,8479,44.865277,-67.457871,18.38999939,1989,9,3.9,NA,11,NA,2,4.2672,11.2776,
44.88,-91.44,4335,44.880457,-91.443838,247.5140076,2002,6,0.54,NA,45,NA,1.75,1.8288,3.9624,
44.88,-74.3,113296,44.875772,-74.304333,169.9840851,2009,8,4.3,NA,100,NA,1.75,NA,2.4,
44.89,-70.64,85117,44.89488,-70.644451,721.9440308,1991,7,3.15,NA,NA,3.86,2.7,NA,NA,
44.89,-70.6,8201,44.888646,-70.601594,526.8880005,1984,9,4.8,NA,5,NA,4.5,6.7056,15.8496,
44.89,-69.57,118080,44.885674,-69.574379,119.8949966,1995,7,9.4,NA,NA,16,0.67,NA,NA,
44.9,-73.81,39916,44.896087,-73.80553,262.3095703,2004,6,4,NA,NA,NA,NA,NA,NA,
44.91,-69.2,8449,44.912094,-69.198329,131.5019989,1991,7,1.9,NA,17,NA,2.3,1.8288,3.048,
44.94,-71.87,4483,44.936082,-71.865797,407.1354675,2007,5,6.1999998,NA,10.8000002,NA,2.8,3.048,9.144,
44.95,-91.31,3427,44.949095,-91.310364,273.7139893,1993,6,6.55,NA,53,NA,1.3716,NA,19.6291,
44.96,-72.22,4972,44.957048,-72.217978,207.3789978,1977,4,2.2,NA,29,NA,0.9,6.4008,106.9848,
44.96,-69.99,7471,44.95607,-69.989891,162.2940063,1986,9,1.59,NA,NA,NA,NA,7.3152,32.3088,
44.97,-72.87,5407,44.972199,-72.874959,132.3999786,1978,5,6.2199998,NA,23,NA,2.2,3.9624,10.0584,
44.97,-70.1,8504,44.967009,-70.095929,214.1060028,2006,8,6.9,391,9,8.27,3.4,3.6576,6.7056,
44.98,-71.7,5556,44.984338,-71.702693,513.8952026,1989,6,2.3900001,NA,NA,NA,6.5,12.8016,32.9184,
44.98,-71.68,2345,44.98492,-71.681698,507.9524536,2005,5,6.4000001,NA,12.5,NA,2.8,NA,3.9624,
44.98,-70.71,7947,44.980537,-70.706834,464.0839844,1991,9,2.5,NA,6,NA,5.5,7.62,15.5448,
44.98,-69.77,7650,44.981419,-69.770566,191.2400055,1996,8,2,NA,17,6.1,5.7,7.9248,20.4216,
44.98,-69.74,8053,44.978219,-69.743632,176.2949982,1984,9,3.2,NA,7,NA,5,5.7912,14.6304,
44.98,-69.33,8355,44.981286,-69.332939,84.22699738,1982,9,2.3,NA,18,NA,3,2.4384,7.0104,
44.99,-71.93,5159,44.986306,-71.929126,437.2602539,1993,6,5.3499999,NA,NA,NA,2.9000001,5.1816,11.8872,
44.99,-71.92,806,44.993346,-71.922155,439.590271,2003,5,1.4,NA,7,NA,4,NA,10.3632,
44.99,-69.32,8127,44.98509,-69.317643,83.31699371,1981,5,3.9,NA,15,NA,3.7,2.7432,7.0104,
44.99,-69.32,7514,44.992581,-69.318477,89.71699524,1982,9,18.2,NA,31,NA,1.9,3.6576,8.2296,
45,-71.93,367,45.001742,-71.925669,460.6343689,2003,10,0.8,NA,7,NA,3.8,NA,NA,
45,-70.72,8332,44.998005,-70.718788,470.7940063,1991,7,2,NA,8,NA,4.6,6.7056,15.24,
45,-69.38,7995,45.00462,-69.376747,133.6179962,1983,8,2.8,NA,9,NA,3.4,1.2192,3.6576,
45.01,-70.13,7511,45.006865,-70.131652,377.196991,2000,6,2.2,NA,16,NA,2.2,1.2192,2.1336,
45.01,-67.15,7783,45.010693,-67.152203,23.27799988,1984,9,1.8,NA,13,NA,6,3.048,10.3632,
45.02,-71,7817,45.022651,-70.997774,462.2740173,1982,8,2.6,NA,6,NA,6.6,9.4488,18.288,
45.02,-69.48,8509,45.020627,-69.479096,105.8779984,1982,9,5,NA,28,NA,3.1,1.2192,3.3528,
45.02,-67.27,120252,45.019462,-67.26766,23.26299858,1986,9,2.8,NA,NA,NA,NA,2.3,4.3,
45.03,-70.76,7549,45.033052,-70.755662,596.0640259,1998,6,1.3,NA,13,NA,5.8,4.572,8.5344,
45.03,-70.65,7950,45.025099,-70.646847,521.9959717,1981,8,1.9,NA,NA,NA,5.9,6.4008,15.24,
45.03,-69.31,8468,45.031118,-69.308692,131.4839935,1981,5,1.7,NA,7,NA,4.5,8.2296,26.2128,
45.03,-69.17,7935,45.032589,-69.172912,94.92199707,1994,8,7.2,NA,16,NA,3.1,1.524,4.2672,
45.04,-67.5,7509,45.042277,-67.502903,67.77300262,1984,9,3.3,NA,5,NA,5.5,4.2672,12.192,
45.05,-67.58,7861,45.051661,-67.57582,40.03300095,1981,6,2.5,NA,NA,NA,NA,3.3528,8.2296,
45.06,-69.71,7564,45.061915,-69.710757,280.8580017,1993,8,3.3,NA,9,NA,5.3,4.572,9.7536,
45.07,-67.38,7563,45.071769,-67.381679,52.52299881,1980,5,3.5,NA,NA,NA,4.7,4.2672,17.6784,
45.1,-69.93,8001,45.095231,-69.933474,147.6759949,1979,9,1.2,NA,6,NA,5.7,20.7264,42.672,
45.11,-88.42,2541,45.106811,-88.420118,261.7969971,1994,5,9.31,NA,22,NA,1.3716,NA,2.7432,
45.11,-69.99,103647,45.110451,-69.987375,365.9159851,1986,9,2.95,NA,NA,NA,NA,4.6,10.4,
45.11,-67.21,7871,45.107758,-67.213109,50.09799957,1991,9,2.4,NA,NA,NA,6,6.7056,17.0688,
45.12,-69.99,7723,45.1244,-69.992275,370.7868347,1993,6,1.8,NA,NA,NA,4.5,4.2672,13.1064,
45.12,-69.3,8458,45.123822,-69.301205,153.1222076,1994,8,3.2,NA,9,NA,5.2,2.7432,5.7912,
45.13,-70,7520,45.132769,-70.004726,369.8760071,1993,6,3.1,NA,28,NA,1.1,1.524,2.7432,
45.13,-69.98,122351,45.127198,-69.978771,382.367981,1996,8,2.1,NA,NA,9.09,NA,NA,NA,
45.14,-68.4,7566,45.14164,-68.401036,170.1980743,1992,8,74.2,NA,NA,NA,NA,1.8288,2.4384,
45.14,-67.54,8508,45.14213,-67.540554,40.03400421,1979,9,2.7,NA,7,NA,4,4.2672,12.192,
45.15,-70.99,8232,45.153434,-70.987378,494.2670288,1989,9,5,NA,7,NA,4,10.9728,28.3464,
45.15,-69.38,7715,45.145488,-69.378496,136.4110107,1991,8,3.4,NA,12,NA,4.5,1.8288,10.9728,
45.17,-69.98,7714,45.172518,-69.984383,150.7280426,1992,8,2,NA,5,NA,8.6,6.4008,13.716,
45.18,-92.62,5002,45.180986,-92.615823,284.1380005,2002,6,4.47,NA,268,NA,0.25,3.9624,9.7536,
45.18,-68.38,8159,45.175343,-68.382759,57.69800186,2011,8,4.4,301,13,7,3.05,2.7432,4.2672,
45.19,-69.61,7895,45.185512,-69.608754,279.0130005,1989,11,2.3,NA,16,NA,5,7.62,18.288,
45.2,-69.94,124451,45.195525,-69.936946,380.848053,1986,9,4.65,NA,NA,NA,NA,NA,NA,
45.2,-69.52,7499,45.203585,-69.524158,188.5130005,1982,8,2.5,NA,11,NA,6.5,5.4864,17.0688,
45.2,-67.42,7833,45.203926,-67.423871,44.0019989,2002,8,3.3,NA,7,NA,4.52,NA,9.7536,
45.22,-69.17,8497,45.220497,-69.167564,171.7320099,1989,7,1.1,NA,7,NA,5,3.3528,11.5824,
45.24,-70.26,8074,45.236406,-70.264198,396.394989,1989,9,1.5,NA,8,NA,7.7,9.4488,23.7744,
45.24,-69.84,8218,45.235922,-69.838933,324.4519958,2001,8,2,NA,4,5.17,5.93,9.144,22.5552,
45.25,-91.45,5400,45.254072,-91.450684,327.9859924,2002,6,1.41,NA,24,NA,2,3.048,5.4864,
45.25,-88.35,5506,45.245726,-88.35484,289.5880127,1993,5,3.36,NA,29,NA,2.5908,3.3528,11.2776,
45.25,-68.46,7987,45.252955,-68.455473,94.60400391,1989,9,4.6,NA,9,NA,4,3.3528,12.192,
45.26,-70.07,7553,45.264401,-70.072841,347.6220093,1988,9,1.6,NA,NA,NA,7.5,11.8872,36.576,
45.26,-69.92,7623,45.255476,-69.920971,386.3280029,1992,8,0.7,NA,2,NA,15,23.4696,60.3504,
45.27,-88.54,1887,45.269102,-88.535481,365.5050049,2003,6,1.76,NA,10,NA,6.5532,NA,15.8496,
45.28,-91.48,4353,45.278047,-91.483465,333.1659851,2002,6,0.31,NA,12,NA,4.5,5.7912,22.2504,
45.28,-88.62,4421,45.27625,-88.621247,399.605011,2008,6,1.99,NA,9,NA,NA,5.7912,12.192,
45.28,-88.59,5104,45.283249,-88.586459,392.605011,1993,6,1.87,NA,7,NA,5.0292,5.7912,15.24,
45.3,-91.6,5202,45.296189,-91.599692,317,2004,6,1.57,NA,17,NA,2.4384,2.7432,4.2672,
45.3,-91.41,4408,45.303075,-91.407449,326.1559753,1994,8,11.6,NA,25,NA,NA,8.8392,22.5552,
45.3,-68.48,8395,45.299285,-68.475056,106.8040009,1981,9,2.4,NA,6,NA,6,8.5344,20.1168,
45.3,-68.35,7758,45.297234,-68.346249,89.72499847,1981,9,2.5,NA,14,NA,3.8,3.9624,10.668,
45.31,-88.64,4521,45.31343,-88.639973,406.9159851,2003,9,2.7,NA,14,NA,2.8956,1.524,8.2296,
45.32,-88.5,2513,45.321117,-88.501365,363.3044128,2003,4,2.11,NA,11,NA,3.9624,NA,4.8768,
45.32,-88.48,5351,45.31833,-88.476211,363.6000061,2006,7,1.48,NA,12,NA,NA,4.572,10.668,
45.32,-68.42,8383,45.321264,-68.417628,83.60400391,1981,9,3.6,NA,18,NA,3.7,2.7432,9.4488,
45.33,-88.49,4469,45.325544,-88.49346,363.2999878,2003,3,0.26,NA,8,NA,4.78536,1.524,5.7912,
45.34,-88.49,1928,45.336917,-88.492065,358.7999878,2003,8,4.95,NA,24,NA,3.048,NA,7.9248,
45.34,-68.13,8432,45.341134,-68.13338,143.0619965,1990,8,4.1,NA,7,NA,NA,4.2672,11.5824,
45.35,-88.58,4004,45.353647,-88.584462,399.0050049,2013,6,1.44,NA,13.7,NA,NA,NA,4.572,
45.35,-68.45,8231,45.347572,-68.448787,67.20400238,1981,9,4.1,NA,11,NA,3.8,3.9624,9.144,
45.35,-68.32,8031,45.351156,-68.318013,121.4249954,2010,8,3,155,6,3.2,5.55,3.9624,8.8392,
45.38,-68.93,8216,45.376562,-68.926355,130.9240112,1978,8,0.8,NA,NA,NA,9.6,24.0792,57.3024,
45.39,-68.47,8133,45.389553,-68.470303,73.91600037,1981,9,5.2,NA,16,NA,2.7,2.1336,3.9624,
45.39,-68.45,7731,45.3854,-68.447945,81.51600647,1981,9,2.6,NA,14,NA,3,2.1336,3.6576,
45.4,-68.41,7722,45.396079,-68.409861,94.01600647,1981,9,4.9,NA,13,NA,3.7,4.8768,14.0208,
45.41,-68.45,7561,45.410142,-68.453521,86.71600342,1981,9,3.5,NA,17,NA,3.1,4.572,10.9728,
45.42,-88.43,57306,45.420917,-88.4284,389.5090027,2004,6,2.26,NA,8,5.6,NA,NA,24.6888,
45.45,-88.44,1128,45.446934,-88.438141,395.9089966,2004,6,3.82,NA,15,8.7,NA,NA,8.2296,
45.46,-68.85,11148,45.457726,-68.846425,128.4280396,1986,9,1.78,NA,NA,NA,NA,NA,NA,
45.49,-68.68,7611,45.489961,-68.676092,118.423996,1989,9,2.1,NA,11,NA,5,3.6576,11.5824,
45.5,-68.98,7901,45.500228,-68.980539,145.3050842,1989,9,2.1,NA,11,NA,3,1.2192,6.096,
45.53,-68.8,8020,45.527585,-68.800303,152.2329865,1979,9,1.8,NA,9,NA,5.5,6.096,7.62,
45.6,-68.38,7487,45.596462,-68.384605,98.57299805,1996,8,2.2,NA,13,12.9,3.1,3.3528,6.4008,
45.61,-92.32,5211,45.605614,-92.320717,360.0409851,1993,8,11.4,NA,15,NA,3.6576,4.8768,13.1064,
45.67,-68.87,7661,45.671614,-68.874069,149.7949982,1982,8,2.3,NA,8,NA,3.8,8.5344,30.7848,
45.78,-89.77,3669,45.784776,-89.769447,478.8559875,1994,6,4.04,NA,9,NA,NA,NA,10.0584,
45.79,-89.74,4647,45.7895,-89.740841,479.1669922,1998,6,6.7,NA,NA,NA,NA,7.9248,17.0688,
45.8,-89.71,5254,45.803949,-89.711559,482.8169861,1997,7,1.31,NA,NA,NA,6.4008,4.8768,9.144,
45.87,-89.86,3524,45.870108,-89.863757,478.8559875,2003,7,4.68,NA,12,NA,3.2004,NA,7.62,
45.89,-89.63,5021,45.894256,-89.631539,486.4899902,1993,8,18.4,NA,23,NA,4.7244,4.8768,8.2296,
45.91,-89.7,925,45.906333,-89.700946,485.5799866,2002,5,3.85,NA,NA,3.1,NA,NA,13.4112,
45.91,-89.69,2870,45.906399,-89.690404,486.1900024,2002,6,3.29,343,10,3.99,4.4,NA,13.1064,
45.92,-89.96,2582,45.922351,-89.956182,485.2170105,1997,7,5.8,NA,21,NA,4.2672,NA,7.0104,
45.92,-89.45,9796,45.919944,-89.451567,492.4253845,2003,6,6.4,418,16,5.12,3.63,3.3528,16.1544,
45.93,-90.07,4715,45.927551,-90.068659,472.4190063,2000,6,4.2,NA,26,NA,1.7526,4.8768,7.3152,
45.93,-89.9,4538,45.928605,-89.897526,482.2170105,2004,6,2.9,290,1,NA,5.88,5.4864,15.2,
45.94,-91.42,4392,45.935491,-91.415896,392.1719971,1995,7,0.02,NA,7,NA,6.4008,9.144,18.288,
45.94,-89.71,5282,45.937646,-89.708319,492.5899963,2002,5,5.11,NA,NA,5.19,NA,3.048,8.2296,
45.95,-89.45,5345,45.950128,-89.45303,491.0429993,2002,6,11.19,435,14,6.23,2.4,3.3528,6.4008,
45.96,-89.9,3881,45.959524,-89.901167,482.2170105,2010,9,2,NA,10,NA,NA,NA,19.812,
45.96,-89.72,3544,45.960287,-89.720744,493.1999817,1998,6,2.6,NA,NA,NA,NA,NA,7.0104,
45.96,-89.62,566,45.959642,-89.619592,499.2829895,1997,7,0.7,NA,8,NA,8.2296,NA,14.6304,
45.97,-92.17,4696,45.973034,-92.171043,299.3179932,2004,8,7.56,NA,16,NA,2.4384,3.048,8.5344,
45.97,-89.92,4616,45.965524,-89.923026,482.2170105,2010,9,2,NA,12,NA,NA,8.5344,23.7744,
45.97,-89.78,1818,45.969701,-89.775833,489.2330017,2002,7,1.62,NA,6,NA,6.7056,NA,19.812,
45.97,-89.71,5141,45.971573,-89.709414,494.4199829,2002,5,3.17,NA,NA,3.46,NA,3.9624,7.0104,
45.98,-89.68,3901,45.982019,-89.684926,496.5499878,2002,5,8.07,NA,NA,3.41,NA,NA,10.0584,
45.99,-89.89,2471,45.992167,-89.88805,482.2170105,2000,6,1.8,NA,10,NA,4.7244,NA,19.812,
46,-89.73,5250,45.997939,-89.733174,495.3518372,2002,6,1.45,280,5,3.53,4.5,2.7432,9.4488,
46,-89.7,495,45.997309,-89.702805,495.3299866,2002,5,2.39,NA,NA,3.5,NA,NA,3.048,
46.01,-92.22,4250,46.0066,-92.218144,290.2170105,2006,6,3.21,NA,17,NA,NA,6.096,13.716,
46.01,-91.32,4710,46.014482,-91.318678,408.9830017,1995,5,1.05,NA,NA,NA,7.4676,10.0584,22.5552,
46.05,-89.59,5515,46.051534,-89.591051,503.2409668,2002,6,0.97,NA,NA,NA,NA,5.4864,15.8496,
46.05,-89.57,2442,46.053205,-89.566997,506.5909729,2001,10,4.5,363,7,4.37,2.95,NA,4.8768,
46.06,-91.28,4775,46.056387,-91.278366,412.0830078,2004,6,13.8,NA,13,NA,3.6576,1.524,9.144,
46.06,-89.7,891,46.063548,-89.704705,495.0130005,2004,6,0.8,359,28,NA,8.25,NA,14.6304,
46.06,-89.59,4367,46.063908,-89.586205,502.9309692,2004,6,5.9,364,44,NA,2.75,4.2672,8,
46.07,-89.74,5536,46.06835,-89.737285,489.2229919,2002,6,0.74,NA,15,NA,3.3528,3.9624,9.7536,
46.09,-89.82,3894,46.088273,-89.819649,488.0050049,2002,6,0.43,NA,14,NA,2.5908,NA,10.0584,
46.1,-89.69,3135,46.103641,-89.688106,495.0130005,1989,7,5.7,NA,NA,5.9,3.2,NA,4.8768,
46.1,-67.93,7668,46.097245,-67.926898,115.3130035,1977,9,1.8,NA,7,NA,6.7,10.3632,32.6136,
46.11,-68.1,8170,46.106634,-68.103445,175.7220154,1979,9,3,NA,10,NA,3.5,5.4864,11.5824,
46.12,-89.82,5128,46.121247,-89.823497,488.0050659,2012,4,4.31,NA,19,NA,2.56032,6.096,13.1064,
46.12,-68.02,8454,46.123895,-68.023028,145.9459534,1982,9,3.5,NA,10,NA,5.5,3.9624,6.4008,
46.13,-89.83,5172,46.134149,-89.82637,487.993988,2013,5,5.57,NA,39.9,NA,2.56032,2.1336,4.2672,
46.14,-89.67,3518,46.140356,-89.67095,500.5,1998,8,4.3,NA,NA,NA,NA,NA,10.3632,
46.14,-68.04,7772,46.135191,-68.0351,145.5240021,1982,9,1.9,NA,7,NA,5.5,3.9624,10.0584,
46.14,-68.01,7699,46.135756,-68.006314,135.7240143,1982,9,1.7,NA,28,NA,5.6,6.096,13.716,
46.15,-89.51,4620,46.154841,-89.508218,506.2960205,2002,6,2.9,356,10,4.47,4,4.8768,7.0104,
46.16,-89.66,3465,46.16002,-89.664914,500.5,1998,8,13.5,NA,NA,NA,NA,NA,8.5344,
46.18,-95.62,55886,46.180426,-95.62313,415.6199951,2012,7,4.47,NA,NA,NA,3.8,NA,4,
46.18,-89.75,1325,46.179671,-89.752012,498.0500488,1996,8,1.12,NA,NA,NA,5.334,NA,13.4112,
46.18,-89.71,2612,46.183447,-89.708777,503.2000122,2007,6,1.03,NA,9,NA,4.2672,NA,7.9248,
46.19,-89.8,3280,46.186106,-89.803305,496.8339844,2003,6,1.8,284,8,6.51,5.75,NA,19.812,
46.19,-89.52,3815,46.187901,-89.516287,503.7960205,2012,6,10.2,NA,23,NA,1.9812,NA,3.6576,
46.2,-89.78,3493,46.199003,-89.779116,499.2639771,1997,6,0.82,NA,4,NA,5.7912,NA,10.9728,
46.2,-89.5,4668,46.199537,-89.499639,502.8929749,2002,5,4.75,NA,NA,4.94,NA,2.4384,3.9624,
46.2,-89.45,5433,46.200212,-89.446776,512.9949951,2013,6,4.32,NA,15,NA,3.651504,3.9624,9.144,
46.21,-89.59,2609,46.206094,-89.589101,501.6960144,2005,7,4.83,NA,17,NA,NA,NA,6.096,
46.21,-89.47,96686,46.209326,-89.473679,510.4949951,1999,6,5.5,NA,NA,NA,NA,NA,9.4488,
46.22,-89.84,1978,46.217266,-89.838796,496.8339844,2002,6,3.99,565,14,11,2.4,NA,13.716,
46.22,-89.72,4376,46.221117,-89.719281,502.3000183,2002,6,1.08,NA,11,NA,3.3528,7.9248,17.0688,
46.22,-89.68,4909,46.215643,-89.683783,509.3000183,1996,9,5.67,NA,15,NA,1.6764,3.6576,9.144,
46.22,-89.53,3934,46.219197,-89.529703,502.8959961,2002,6,7.39,552,5,NA,1,NA,10.0584,
46.23,-89.73,446,46.231163,-89.733171,506.8999939,2002,7,1.38,NA,16,NA,2.0574,NA,10.668,
46.25,-89.5,54261,46.25292,-89.503808,516.0861206,2006,5,1.17,401.37,24.68,NA,5.19,NA,13.7,
46.25,-89.5,74850,46.25133,-89.497469,523.5783081,2006,5,4.6,491.55,22.45,NA,1.81,NA,14,
46.25,-89.5,96694,46.251455,-89.503567,516.8694458,2006,5,2.612,457.05,19.85,NA,2.89,3.9,17,
46.29,-67.88,7478,46.289214,-67.876205,137.3868561,1990,8,5,NA,15,NA,2.5,13.4112,32.9184,
46.33,-67.87,7620,46.330205,-67.870711,147.6049957,1981,5,4,NA,17,NA,1.2,0.6096,1.2192,
46.42,-68.05,8180,46.41652,-68.047554,329.9250183,1986,9,4.86,NA,NA,NA,NA,1.524,3.048,
46.47,-92.04,4375,46.474011,-92.044754,363.0100098,2003,5,12,NA,28,NA,NA,2.1336,3.9624,
46.48,-92.06,5138,46.477024,-92.061368,363.0100098,2003,5,1.11,NA,21,NA,NA,3.048,9.4488,
46.62,-93.55,591,46.624491,-93.545048,369.2878418,1981,9,16.7,NA,39,NA,1.5,NA,11.3,
46.63,-93.39,1092,46.630585,-93.386758,372.6459961,1981,9,29.2,NA,34,NA,0.9,NA,4,
46.65,-93.48,77311,46.650165,-93.480959,372.3359985,2012,8,11.9,NA,NA,NA,1.7,NA,8,
46.72,-93.98,1187,46.722717,-93.977268,381.8190002,1982,8,5.61,NA,40,NA,2,NA,6.7,
46.73,-93.77,2726,46.727693,-93.773844,394.6100159,1981,9,9.3,NA,5,NA,1.4,NA,7.3,
46.74,-93.83,42145,46.739881,-93.832166,387.3000183,2012,5,8,NA,NA,NA,1.2,NA,NA,
46.77,-93.99,63894,46.766274,-93.985822,386.3989868,2012,5,5,NA,NA,NA,5.2,NA,5.7912,
46.78,-93.96,1651,46.784015,-93.960916,388.5390015,1982,5,9.88,NA,25,NA,2.1,NA,4.6,
46.79,-93.95,2300,46.788791,-93.948403,392.7989807,1984,7,4.49,NA,17,NA,3.2,NA,7.6,
46.82,-93.88,88890,46.82248,-93.879041,397.6789856,2012,5,6,NA,NA,NA,5.8,NA,NA,
46.83,-94.01,212,46.828605,-94.014197,397.3800049,1982,5,13.1,NA,30,NA,NA,NA,NA,
46.85,-93.99,2083,46.848726,-93.988094,401.0289917,1981,5,4.81,NA,31,NA,NA,NA,16.8,
46.85,-93.98,3510,46.852298,-93.983939,401.0289917,1981,5,3.2,NA,26,NA,NA,NA,12.2,
46.87,-92.3,1671,46.866964,-92.300737,424.9950256,1993,5,8.97,NA,25,NA,2.5,NA,18.3,
46.89,-92.18,2655,46.893325,-92.183255,418.9039917,1990,5,5.34,NA,62,NA,1,NA,3.4,
46.9,-92.31,42833,46.899176,-92.311245,422.2649841,1999,5,6.82,NA,NA,NA,NA,NA,6.1,
46.93,-94.04,1635,46.928365,-94.040758,408.625,1981,9,10.2,NA,28,NA,2.6,6.73,13.7,
46.94,-92.26,1515,46.941798,-92.26048,412.2049866,1990,5,4.27,NA,23,NA,2,NA,9.4,
46.95,-93.21,467,46.954999,-93.211674,385.1860046,1981,9,6.2,NA,9,NA,2,NA,9.8,
46.96,-94.01,59717,46.960324,-94.011863,400.125,2012,5,6,NA,NA,NA,3.7,NA,NA,
47.03,-94.07,78395,47.029419,-94.071573,404.7260132,2012,5,4,NA,NA,NA,NA,NA,NA,
47.06,-68.36,7624,47.056248,-68.363866,175.7449951,1983,5,2.9,NA,NA,NA,4.1,10.9728,37.1856,
47.1,-93.58,3257,47.104876,-93.584388,389.480011,1982,8,10.9,NA,49,NA,2.1,NA,7.6,
47.11,-93.92,32617,47.107225,-93.920153,409.5289917,2012,5,2,NA,NA,NA,4,NA,NA,
47.12,-93.55,82556,47.120191,-93.546417,398.6199951,2011,7,5,950,NA,10.8,1.8,NA,1.5,
47.16,-93.67,3277,47.156787,-93.67078,403.8110046,1981,8,2.11,NA,10,NA,4.3,NA,32,
47.17,-93.73,571,47.165231,-93.73076,423.0110168,1981,8,6,NA,35,NA,1,NA,2.7,
47.21,-68.47,7673,47.213199,-68.467192,234.2809906,1977,9,6.3,NA,27,NA,4.1,2.7432,4.572,
47.25,-68.46,8515,47.245862,-68.460057,282.7810059,1983,8,7.6,NA,NA,NA,NA,1.8288,2.1336,
